year,station,avg_temp_c,precip_mm,sunshine_hours
1990,Budapest,11.9,415.7,2014.3
1990,Csapadékos napok száma,,1990.0,
1990,Debrecen,10.6,459.6,2147.8
1990,Győr,11.0,434.8,2230.4
1990,Kecskemét,11.0,435.9,2118.4
1990,Kékestető,6.3,706.3,2142.0
1990,"Maximum hőmérséklet, °C",1990.0,,
1990,"Minimum hőmérséklet, °C",1990.0,,
1990,Miskolc,10.0,475.0,1931.2
1990,Napkor,10.2,393.0,2039.8
1990,Pogány,11.5,458.2,2247.9
1990,Siófok,11.4,452.5,2153.4
1990,Szeged,11.2,434.9,2188.3
1990,Szeles napok száma,,1990.0,
1990,Szombathely,10.2,593.8,2039.6
1991,Budapest,10.8,594.0,1863.0
1991,Csapadékos napok száma,,1991.0,
1991,Debrecen,9.5,597.3,
1991,Győr,9.8,446.4,2006.3
1991,Kecskemét,9.6,593.3,1869.7
1991,Kékestető,4.9,887.3,1891.1
1991,"Maximum hőmérséklet, °C",1991.0,,
1991,"Minimum hőmérséklet, °C",1991.0,,
1991,Miskolc,9.0,622.3,1689.2
1991,Napkor,9.3,577.1,1832.4
1991,Pogány,10.2,618.2,2069.1
1991,Siófok,10.3,474.3,2028.5
1991,Szeged,9.7,617.4,1917.3
1991,Szeles napok száma,,1991.0,
1991,Szombathely,9.0,688.2,1835.6
1992,Budapest,12.2,364.1,2093.7
1992,Csapadékos napok száma,,1992.0,
1992,Debrecen,10.6,390.5,2056.5
1992,Győr,11.3,557.9,2136.6
1992,Kecskemét,11.2,387.2,2047.5
1992,Kékestető,6.3,494.6,2260.6
1992,"Maximum hőmérséklet, °C",1992.0,,
1992,"Minimum hőmérséklet, °C",1992.0,,
1992,Miskolc,10.1,363.4,2086.4
1992,Napkor,10.2,436.8,2018.7
1992,Pogány,11.8,695.0,2250.4
1992,Siófok,11.9,433.7,2188.5
1992,Szeged,11.4,456.8,2084.8
1992,Szeles napok száma,,1992.0,
1992,Szombathely,10.6,571.2,1937.2
1993,Budapest,11.3,505.4,2091.6
1993,Csapadékos napok száma,,1993.0,
1993,Debrecen,9.8,513.7,2024.1
1993,Győr,10.3,527.5,2023.4
1993,Kecskemét,10.2,447.2,1972.3
1993,Kékestető,5.7,634.4,2119.3
1993,"Maximum hőmérséklet, °C",1993.0,,
1993,"Minimum hőmérséklet, °C",1993.0,,
1993,Miskolc,9.6,364.5,1970.3
1993,Napkor,9.5,423.7,1967.0
1993,Pogány,10.5,673.9,2187.3
1993,Siófok,10.6,511.1,2013.4
1993,Szeged,10.3,407.8,2002.5
1993,Szeles napok száma,,1993.0,
1993,Szombathely,9.7,501.6,1785.9
1994,Budapest,12.5,481.1,1976.7
1994,Csapadékos napok száma,,1994.0,
1994,Debrecen,11.3,447.0,2144.1
1994,Győr,11.6,669.8,2073.4
1994,Kecskemét,11.6,373.6,2031.7
1994,Kékestető,6.8,581.1,2011.9
1994,"Maximum hőmérséklet, °C",1994.0,,
1994,"Minimum hőmérséklet, °C",1994.0,,
1994,Miskolc,10.8,413.1,1998.1
1994,Napkor,11.0,403.3,2030.7
1994,Pogány,12.0,583.1,2193.0
1994,Siófok,12.2,490.0,2123.4
1994,Szeged,11.7,398.6,2009.6
1994,Szeles napok száma,,1994.0,
1994,Szombathely,11.0,598.9,1901.7
1995,Budapest,11.4,574.9,1845.2
1995,Csapadékos napok száma,,1995.0,
1995,Debrecen,10.5,520.8,1983.4
1995,Győr,10.3,609.6,1925.8
1995,Kecskemét,10.5,650.1,1925.4
1995,Kékestető,5.5,891.2,1895.6
1995,"Maximum hőmérséklet, °C",1995.0,,
1995,"Minimum hőmérséklet, °C",1995.0,,
1995,Miskolc,9.7,648.6,1910.9
1995,Napkor,9.9,515.7,1921.1
1995,Pogány,10.7,828.8,1995.8
1995,Siófok,10.9,810.4,1981.5
1995,Szeged,10.7,562.1,1857.3
1995,Szeles napok száma,,1995.0,
1995,Szombathely,9.7,626.6,1726.2
1996,Budapest,10.6,527.5,1784.1
1996,Csapadékos napok száma,,1996.0,
1996,Debrecen,10.1,581.0,1880.1
1996,Győr,9.1,617.0,1868.5
1996,Kecskemét,9.4,550.8,1769.0
1996,Kékestető,4.7,771.3,1850.1
1996,"Maximum hőmérséklet, °C",1996.0,,
1996,"Minimum hőmérséklet, °C",1996.0,,
1996,Miskolc,8.8,641.7,1790.6
1996,Napkor,9.3,536.3,1911.1
1996,Pogány,9.6,695.4,1931.0
1996,Siófok,9.8,649.8,1910.8
1996,Szeged,9.8,561.7,1745.4
1996,Szeles napok száma,,1996.0,
1996,Szombathely,8.6,713.4,1691.4
1997,Budapest,11.3,326.6,2075.3
1997,Csapadékos napok száma,,1997.0,
1997,Debrecen,10.3,422.1,2113.8
1997,Győr,9.9,496.1,2106.1
1997,Kecskemét,9.9,480.2,2111.4
1997,Kékestető,5.3,595.2,2156.9
1997,"Maximum hőmérséklet, °C",1997.0,,
1997,"Minimum hőmérséklet, °C",1997.0,,
1997,Miskolc,9.3,405.2,2020.1
1997,Napkor,9.5,445.6,2093.4
1997,Pogány,10.4,553.6,2223.6
1997,Siófok,10.7,463.8,2241.5
1997,Szeged,10.1,500.9,2063.3
1997,Szeles napok száma,,1997.0,
1997,Szombathely,9.5,534.4,1932.9
1998,Budapest,11.8,643.0,2037.0
1998,Csapadékos napok száma,,1998.0,
1998,Debrecen,10.2,626.2,1971.2
1998,Győr,10.8,578.2,2009.2
1998,Kecskemét,10.5,594.0,2084.1
1998,Kékestető,5.7,954.7,2084.8
1998,"Maximum hőmérséklet, °C",1998.0,,
1998,"Minimum hőmérséklet, °C",1998.0,,
1998,Miskolc,9.8,684.0,1978.6
1998,Napkor,9.9,727.7,1914.9
1998,Pogány,10.9,752.9,2150.2
1998,Siófok,11.2,689.6,2123.4
1998,Szeged,10.6,591.6,2024.5
1998,Szeles napok száma,,1998.0,
1998,Szombathely,10.1,673.8,1878.9
1999,Budapest,11.6,842.2,1926.8
1999,Csapadékos napok száma,,1999.0,
1999,Debrecen,10.6,672.8,2089.0
1999,Győr,10.7,581.4,1945.6
1999,Kecskemét,10.7,783.0,1991.9
1999,Kékestető,6.1,1111.4,1974.4
1999,"Maximum hőmérséklet, °C",1999.0,,
1999,"Minimum hőmérséklet, °C",1999.0,,
1999,Miskolc,10.0,906.4,1873.3
1999,Napkor,10.6,575.9,2032.0
1999,Pogány,10.9,823.1,1994.5
1999,Siófok,11.3,712.5,2045.5
1999,Szeged,10.9,738.2,2023.0
1999,Szeles napok száma,,1999.0,
1999,Szombathely,10.1,657.5,1737.2
2000,Budapest,12.7,388.6,2195.4
2000,Csapadékos napok száma,,2000.0,
2000,Debrecen,11.5,435.4,2246.7
2000,Győr,11.8,482.9,2131.6
2000,Kecskemét,11.9,337.1,2357.2
2000,Kékestető,7.3,670.4,2131.7
2000,"Maximum hőmérséklet, °C",2000.0,,
2000,"Minimum hőmérséklet, °C",2000.0,,
2000,Miskolc,10.9,404.5,2094.5
2000,Napkor,11.4,388.1,2109.1
2000,Pogány,12.3,473.9,2314.1
2000,Siófok,12.4,423.5,2383.3
2000,Szeged,12.4,203.3,2338.9
2000,Szeles napok száma,,2000.0,
2000,Szombathely,11.3,544.4,2028.9
2001,Budapest,11.5,548.2,1832.0
2001,Csapadékos napok száma,,2001.0,
2001,Debrecen,10.3,586.4,1920.4
2001,Győr,10.7,440.0,1875.0
2001,Kecskemét,10.7,598.2,2047.0
2001,Kékestető,5.6,699.6,1861.8
2001,"Maximum hőmérséklet, °C",2001.0,,
2001,"Minimum hőmérséklet, °C",2001.0,,
2001,Miskolc,9.9,632.7,1823.8
2001,Napkor,10.2,589.3,1893.4
2001,Pogány,11.0,651.3,2004.8
2001,Siófok,11.4,447.3,2043.8
2001,Szeged,11.0,677.1,1891.6
2001,Szeles napok száma,,2001.0,
2001,Szombathely,10.4,420.5,1919.5
2002,Budapest,12.5,494.1,1850.1
2002,Csapadékos napok száma,,2002.0,
2002,Debrecen,11.2,531.1,1951.2
2002,Győr,11.6,517.6,1830.1
2002,Kecskemét,11.7,439.3,1977.8
2002,Kékestető,6.9,830.9,1823.6
2002,"Maximum hőmérséklet, °C",2002.0,,
2002,"Minimum hőmérséklet, °C",2002.0,,
2002,Miskolc,11.0,677.6,1878.0
2002,Napkor,11.0,493.7,1835.3
2002,Pogány,11.9,697.7,1925.9
2002,Siófok,12.1,504.2,1932.3
2002,Szeged,12.0,386.6,1867.6
2002,Szeles napok száma,,2002.0,
2002,Szombathely,11.0,529.9,1829.5
2003,Budapest,11.9,344.7,2302.8
2003,Csapadékos napok száma,,2003.0,
2003,Debrecen,10.1,521.3,2282.2
2003,Győr,11.0,416.1,2326.6
2003,Kecskemét,10.6,468.8,2353.2
2003,Kékestető,6.2,701.7,2287.5
2003,"Maximum hőmérséklet, °C",2003.0,,
2003,"Minimum hőmérséklet, °C",2003.0,,
2003,Miskolc,10.0,512.9,2257.8
2003,Napkor,9.9,483.6,
2003,Pogány,11.3,501.2,2263.0
2003,Siófok,11.1,395.0,2378.3
2003,Szeged,10.7,427.5,2302.0
2003,Szeles napok száma,,2003.0,
2003,Szombathely,10.4,424.4,2191.8
2004,Budapest,11.2,533.6,1902.5
2004,Csapadékos napok száma,,2004.0,
2004,Debrecen,10.2,691.9,2149.9
2004,Győr,10.5,555.6,1845.0
2004,Kecskemét,10.7,645.4,
2004,Kékestető,5.6,817.2,1878.3
2004,"Maximum hőmérséklet, °C",2004.0,,
2004,"Minimum hőmérséklet, °C",2004.0,,
2004,Miskolc,9.7,774.8,1921.4
2004,Napkor,9.5,660.3,
2004,Pogány,10.7,821.6,1853.6
2004,Siófok,10.9,615.3,1945.3
2004,Szeged,10.7,688.5,2047.6
2004,Szeles napok száma,,2004.0,
2004,Szombathely,9.5,577.8,1743.2
2005,Budapest,10.9,696.1,2167.0
2005,Csapadékos napok száma,,2005.0,
2005,Debrecen,9.8,639.9,2134.7
2005,Győr,10.1,709.2,2082.0
2005,Kecskemét,10.5,598.2,
2005,Kékestető,5.5,1012.2,2020.0
2005,"Maximum hőmérséklet, °C",2005.0,,
2005,"Minimum hőmérséklet, °C",2005.0,,
2005,Miskolc,9.6,782.2,2079.7
2005,Napkor,9.4,601.7,
2005,Pogány,10.2,685.4,2021.6
2005,Siófok,10.6,677.5,2070.2
2005,Szeged,10.2,652.6,2142.4
2005,Szeles napok száma,,2005.0,
2005,Szombathely,9.3,643.7,1963.9
2006,Budapest,11.9,464.0,2163.5
2006,Csapadékos napok száma,,2006.0,
2006,Debrecen,10.5,633.0,2120.7
2006,Győr,10.9,537.8,2075.5
2006,Kecskemét,11.1,627.4,
2006,Kékestető,6.2,803.0,1927.7
2006,"Maximum hőmérséklet, °C",2006.0,,
2006,"Minimum hőmérséklet, °C",2006.0,,
2006,Miskolc,10.0,569.3,2005.5
2006,Napkor,10.0,589.2,
2006,Pogány,11.2,602.0,2069.0
2006,Siófok,11.4,458.0,2164.0
2006,Szeged,11.1,501.9,2159.4
2006,Szeles napok száma,,2006.0,
2006,Szombathely,10.1,508.0,1945.8
2007,Budapest,13.3,472.2,2279.4
2007,Csapadékos napok száma,,2007.0,
2007,Debrecen,11.9,550.7,2350.1
2007,Győr,11.8,675.7,
2007,Kecskemét,12.3,474.7,
2007,Kékestető,7.1,831.7,2070.3
2007,"Maximum hőmérséklet, °C",2007.0,,
2007,"Minimum hőmérséklet, °C",2007.0,,
2007,Miskolc,11.4,555.5,2202.3
2007,Napkor,11.5,578.0,
2007,Pogány,12.2,657.2,2221.6
2007,Siófok,12.7,649.8,2344.2
2007,Szeged,12.0,556.0,2329.0
2007,Szeles napok száma,,2007.0,
2007,Szombathely,11.3,602.1,2094.8
2008,Budapest,12.9,565.0,2170.8
2008,Csapadékos napok száma,,2008.0,
2008,Debrecen,11.6,551.1,2218.5
2008,Győr,11.6,584.5,
2008,Kecskemét,11.7,460.3,
2008,Kékestető,6.7,817.0,1861.0
2008,"Maximum hőmérséklet, °C",2008.0,,
2008,"Minimum hőmérséklet, °C",2008.0,,
2008,Miskolc,11.2,606.6,2055.0
2008,Napkor,11.1,551.8,
2008,Pogány,12.0,615.2,2218.9
2008,Siófok,12.2,492.9,2099.1
2008,Szeged,12.0,527.2,2254.4
2008,Szeles napok száma,,2008.0,
2008,Szombathely,11.2,692.2,2004.4
2009,Budapest,12.4,479.1,2158.1
2009,Csapadékos napok száma,,2009.0,
2009,Debrecen,11.6,484.6,2219.4
2009,Győr,11.3,564.1,
2009,Kecskemét,12.0,510.7,
2009,Kékestető,6.7,879.1,1897.3
2009,"Maximum hőmérséklet, °C",2009.0,,
2009,"Minimum hőmérséklet, °C",2009.0,,
2009,Miskolc,10.9,604.6,2073.6
2009,Napkor,11.1,510.6,
2009,Pogány,11.9,626.3,2096.8
2009,Siófok,12.0,471.2,2224.3
2009,Szeged,12.1,512.5,2241.5
2009,Szeles napok száma,,2009.0,
2009,Szombathely,10.8,616.8,2038.0
2010,Budapest,11.4,815.2,1945.3
2010,Csapadékos napok száma,,2010.0,
2010,Debrecen,10.5,844.8,2026.1
2010,Győr,10.2,906.3,
2010,Kecskemét,10.5,880.8,
2010,Kékestető,5.5,1517.5,1575.2
2010,"Maximum hőmérséklet, °C",2010.0,,
2010,"Minimum hőmérséklet, °C",2010.0,,
2010,Miskolc,9.7,1166.0,1893.1
2010,Napkor,10.1,961.3,
2010,Pogány,10.6,980.5,1903.1
2010,Siófok,10.9,894.3,1985.6
2010,Szeged,11.1,837.6,2033.5
2010,Szeles napok száma,,2010.0,
2010,Szombathely,9.8,738.4,1811.2
2011,Budapest,12.2,290.5,2393.1
2011,Csapadékos napok száma,,2011.0,
2011,Debrecen,10.7,441.6,2429.1
2011,Győr,10.9,418.0,
2011,Kecskemét,11.4,384.9,
2011,Kékestető,6.7,488.6,2197.5
2011,"Maximum hőmérséklet, °C",2011.0,,
2011,"Minimum hőmérséklet, °C",2011.0,,
2011,Miskolc,10.4,483.9,2289.0
2011,Napkor,10.5,376.1,
2011,Pogány,11.5,405.2,2307.5
2011,Siófok,11.6,286.8,2337.8
2011,Szeged,11.4,305.2,2478.1
2011,Szeles napok száma,,2011.0,
2011,Szombathely,10.4,524.5,2208.1
2012,Budapest,13.0,383.6,2472.6
2012,Csapadékos napok száma,,2012.0,
2012,Debrecen,11.3,427.0,2478.3
2012,Győr,11.5,466.1,
2012,Kecskemét,11.7,411.1,
2012,Kékestető,6.7,597.5,2199.1
2012,"Maximum hőmérséklet, °C",2012.0,,
2012,"Minimum hőmérséklet, °C",2012.0,,
2012,Miskolc,10.9,518.6,2296.9
2012,Napkor,10.9,407.7,
2012,Pogány,12.2,633.4,2440.0
2012,Siófok,12.4,392.3,2481.1
2012,Szeged,11.8,401.5,2615.6
2012,Szeles napok száma,,2012.0,
2012,Szombathely,11.1,532.2,2194.4
2013,Budapest,12.4,588.2,
2013,Csapadékos napok száma,,2013.0,
2013,Debrecen,11.3,545.4,2321.7
2013,Győr,11.1,609.9,
2013,Kecskemét,11.5,508.9,
2013,Kékestető,6.4,922.4,1937.2
2013,"Maximum hőmérséklet, °C",2013.0,,
2013,"Minimum hőmérséklet, °C",2013.0,,
2013,Miskolc,10.5,774.0,2030.9
2013,Napkor,10.9,517.3,
2013,Pogány,11.5,687.2,2084.3
2013,Siófok,11.9,607.2,
2013,Szeged,11.8,545.2,2318.5
2013,Szeles napok száma,,2013.0,
2013,Szombathely,10.7,707.6,2010.9
2014,Budapest,13.3,664.9,
2014,Csapadékos napok száma,,2014.0,
2014,Debrecen,12.2,455.5,2283.1
2014,Győr,11.9,748.4,1999.0
2014,Kecskemét,12.2,703.3,
2014,Kékestető,7.4,881.4,1859.1
2014,"Maximum hőmérséklet, °C",2014.0,,
2014,"Minimum hőmérséklet, °C",2014.0,,
2014,Miskolc,11.7,725.7,1938.2
2014,Napkor,11.8,526.2,
2014,Pogány,12.3,917.8,2086.6
2014,Siófok,12.7,846.4,
2014,Szeged,12.4,841.8,2247.1
2014,Szeles napok száma,,2014.0,
2014,Szombathely,11.7,877.4,2045.2
2015,Budapest,13.2,598.7,
2015,Csapadékos napok száma,,2015.0,
2015,Debrecen,11.9,432.0,2309.1
2015,Győr,11.9,553.0,2204.5
2015,Kecskemét,11.9,531.7,
2015,Kékestető,7.4,765.6,2217.0
2015,"Maximum hőmérséklet, °C",2015.0,,
2015,"Minimum hőmérséklet, °C",2015.0,,
2015,Miskolc,11.7,569.5,2152.8
2015,Napkor,11.5,369.4,
2015,Pogány,12.2,615.6,2351.8
2015,Siófok,12.4,519.2,
2015,Szeged,12.2,441.6,2416.2
2015,Szeles napok száma,,2015.0,
2015,Szombathely,11.4,511.4,2286.3
2016,Budapest,12.7,569.4,
2016,Csapadékos napok száma,,2016.0,
2016,Debrecen,11.1,743.9,2372.3
2016,Győr,11.4,617.3,2278.2
2016,Kecskemét,11.3,565.5,
2016,Kékestető,6.7,869.5,2152.2
2016,"Maximum hőmérséklet, °C",2016.0,,
2016,"Minimum hőmérséklet, °C",2016.0,,
2016,Miskolc,11.1,712.3,2162.6
2016,Napkor,10.9,636.8,
2016,Pogány,11.8,788.1,2297.5
2016,Siófok,12.0,703.6,
2016,Szeged,11.8,643.5,2411.9
2016,Szeles napok száma,,2016.0,
2016,Szombathely,10.9,742.2,2337.3
2017,Budapest,12.8,579.4,
2017,Csapadékos napok száma,,2017.0,
2017,Debrecen,11.1,569.1,2671.5
2017,Győr,11.5,571.2,
2017,Kecskemét,11.2,592.2,
2017,Kékestető,6.7,989.1,2396.4
2017,"Maximum hőmérséklet, °C",2017.0,,
2017,"Minimum hőmérséklet, °C",2017.0,,
2017,Miskolc,10.8,707.6,2276.3
2017,Napkor,10.8,654.1,
2017,Pogány,12.0,671.9,2578.4
2017,Siófok,12.1,532.6,
2017,Szeged,11.9,437.7,2653.5
2017,Szeles napok száma,,2017.0,
2017,Szombathely,10.8,658.1,2247.2
2018,Budapest,13.8,492.5,
2018,Csapadékos napok száma,,2018.0,
2018,Debrecen,12.3,434.7,2535.8
2018,Győr,12.4,638.7,
2018,Kecskemét,12.3,529.2,
2018,Kékestető,7.5,703.4,2106.2
2018,"Maximum hőmérséklet, °C",2018.0,,
2018,"Minimum hőmérséklet, °C",2018.0,,
2018,Miskolc,11.7,690.5,2202.7
2018,Napkor,12.1,392.8,
2018,Pogány,12.5,664.7,2381.6
2018,Siófok,13.0,628.0,
2018,Szeged,12.8,574.5,2471.8
2018,Szeles napok száma,,2018.0,
2018,Szombathely,11.6,665.4,2200.7
2019,Budapest,14.0,512.4,
2019,Csapadékos napok száma,,2019.0,
2019,Debrecen,12.4,455.8,2634.3
2019,Győr,12.5,476.2,
2019,Kecskemét,12.5,489.0,
2019,Kékestető,7.6,886.2,2264.0
2019,"Maximum hőmérséklet, °C",2019.0,,
2019,"Minimum hőmérséklet, °C",2019.0,,
2019,Miskolc,11.8,746.7,2296.3
2019,Napkor,12.2,511.0,
2019,Pogány,12.8,721.2,2466.3
2019,Siófok,13.1,569.1,
2019,Szeged,12.9,510.8,2547.2
2019,Szeles napok száma,,2019.0,
2019,Szombathely,11.7,642.7,2248.6
2020,Budapest,13.2,522.5,
2020,Csapadékos napok száma,,2020.0,
2020,Debrecen,11.6,571.4,2554.3
2020,Győr,11.7,511.9,
2020,Kecskemét,11.9,589.8,
2020,Kékestető,7.1,821.5,2330.8
2020,"Maximum hőmérséklet, °C",2020.0,,
2020,"Minimum hőmérséklet, °C",2020.0,,
2020,Miskolc,11.3,788.1,2210.4
2020,Napkor,11.4,669.3,
2020,Pogány,12.4,514.1,2493.9
2020,Siófok,12.6,473.3,
2020,Szeged,12.3,554.7,2509.7
2020,Szeles napok száma,,2020.0,
2020,Szombathely,11.3,599.3,2253.1
2021,Budapest,12.2,464.8,
2021,Csapadékos napok száma,,2021.0,
2021,Debrecen,11.1,379.9,2729.7
2021,Győr,11.2,444.4,
2021,Kecskemét,11.3,465.4,
2021,Kékestető,6.4,599.5,2394.7
2021,"Maximum hőmérséklet, °C",2021.0,,
2021,"Minimum hőmérséklet, °C",2021.0,,
2021,Miskolc,10.4,566.2,2315.7
2021,Napkor,10.7,524.7,
2021,Pogány,11.9,577.0,
2021,Siófok,12.0,441.1,
2021,Szeged,11.7,454.6,2587.8
2021,Szeles napok száma,,2021.0,
2021,Szombathely,10.9,492.5,2426.6
2022,Budapest,13.3,447.2,
2022,Csapadékos napok száma,,2022.0,
2022,Debrecen,12.1,441.0,2804.0
2022,Győr,12.0,397.0,
2022,Kecskemét,12.4,358.6,
2022,Kékestető,7.5,595.9,2416.4
2022,"Maximum hőmérséklet, °C",2022.0,,
2022,"Minimum hőmérséklet, °C",2022.0,,
2022,Miskolc,11.6,516.5,2386.6
2022,Napkor,11.7,416.7,
2022,Pogány,12.8,525.1,
2022,Siófok,12.9,417.6,
2022,Szeged,12.8,385.1,2783.2
2022,Szeles napok száma,,2022.0,
2022,Szombathely,11.6,512.3,2374.3
2023,Budapest,13.6,713.6,
2023,Csapadékos napok száma,,2023.0,
2023,Debrecen,12.6,663.5,2588.0
2023,Győr,12.3,835.4,
2023,Kecskemét,12.9,592.9,
2023,Kékestető,7.5,1297.4,2151.8
2023,"Maximum hőmérséklet, °C",2023.0,,
2023,"Minimum hőmérséklet, °C",2023.0,,
2023,Miskolc,11.9,932.1,2209.0
2023,Napkor,12.2,693.3,
2023,Pogány,13.1,790.1,
2023,Siófok,13.3,740.5,
2023,Szeged,13.3,515.3,2594.5
2023,Szeles napok száma,,2023.0,
2023,Szombathely,11.8,855.1,2308.8
2024,Budapest,14.4,427.5,
2024,Csapadékos napok száma,,2024.0,
2024,Debrecen,13.1,335.4,2744.2
2024,Győr,13.1,564.5,
2024,Kecskemét,13.5,431.5,
2024,Kékestető,8.6,788.9,
2024,"Maximum hőmérséklet, °C",2024.0,,
2024,"Minimum hőmérséklet, °C",2024.0,,
2024,Miskolc,12.6,571.3,2354.5
2024,Napkor,12.9,506.3,
2024,Pogány,13.9,525.4,
2024,Siófok,14.0,466.5,
2024,Szeged,14.0,381.3,2759.9
2024,Szeles napok száma,,2024.0,
2024,Szombathely,12.4,636.0,2387.6
2025,Budapest,13.1,339.3,
2025,Csapadékos napok száma,,2025.0,
2025,Debrecen,12.1,373.3,2706.3
2025,Győr,11.9,438.3,
2025,Kecskemét,12.4,280.5,
2025,Kékestető,7.6,554.6,
2025,"Maximum hőmérséklet, °C",2025.0,,
2025,"Minimum hőmérséklet, °C",2025.0,,
2025,Miskolc,11.6,543.2,
2025,Napkor,11.9,439.7,
2025,Pogány,12.6,433.9,
2025,Siófok,12.8,364.0,
2025,Szeged,12.8,348.7,2637.9
2025,Szeles napok száma,,2025.0,
2025,Szombathely,11.4,491.1,2156.0
