year,crop,crop_hu,area_kha,area_ha,yield_kg_ha,yield_t_ha,production_t,population,food_need_kg_per_capita,food_need_t,required_area_ha,self_sufficiency_ratio,supported_population,avg_temp_c,precip_mm,sunshine_hours,water_need_mid_mm,water_balance_mm,risk_level
1990,barley,Árpa összesen,297.0,297000.0,4570.0,4.57,1357649.0,10374823.0,15,155622.345,34053.03,8.724,90509933.333,10.48,478.15,2113.92,500,-21.85,medium
1990,maize,Kukorica,1082.0,1082000.0,4090.0,4.09,4257731.0,10374823.0,80,829985.84,202930.523,5.13,53221637.5,10.48,478.15,2113.92,650,-171.85,high
1990,oats,Zab,48.0,48000.0,3310.0,3.31,158357.0,10374823.0,5,51874.115,15671.938,3.053,31671400.0,10.48,478.15,2113.92,500,-21.85,medium
1990,potato,Burgonya,44.0,44000.0,16920.0,16.92,745550.0,10374823.0,55,570615.265,33724.306,1.307,13555454.545,10.48,478.15,2113.92,550,-71.85,medium
1990,rapeseed,Repcemag,60.0,60000.0,1740.0,1.74,104413.0,10374823.0,5,51874.115,29812.71,2.013,20882600.0,10.48,478.15,2113.92,550,-71.85,medium
1990,rye,Rozs,91.0,91000.0,2500.0,2.5,229010.0,10374823.0,5,51874.115,20749.646,4.415,45802000.0,10.48,478.15,2113.92,500,-21.85,medium
1990,soybean,Szójabab,42.0,42000.0,1240.0,1.24,52643.0,10374823.0,8,82998.584,66934.342,0.634,6580375.0,10.48,478.15,2113.92,600,-121.85,high
1990,sugar_beet,Cukorrépa,131.0,131000.0,36090.0,36.09,4740953.0,10374823.0,35,363118.805,10061.48,13.056,135455800.0,10.48,478.15,2113.92,650,-171.85,high
1990,sunflower,Napraforgómag,347.0,347000.0,1950.0,1.95,677376.0,10374823.0,10,103748.23,53204.221,6.529,67737600.0,10.48,478.15,2113.92,600,-121.85,high
1990,wheat,Búza,1221.0,1221000.0,5050.0,5.05,6161426.0,10374823.0,120,1244978.76,246530.448,4.949,51345216.667,10.48,478.15,2113.92,550,-71.85,medium
1991,barley,Árpa összesen,358.0,358000.0,4360.0,4.36,1555261.0,10373152.545,15,155597.288,35687.451,9.995,103684066.667,9.28,610.53,1900.22,500,110.53,low
1991,maize,Kukorica,1106.0,1106000.0,6710.0,6.71,7744609.0,10373152.545,80,829852.204,123673.95,9.333,96807612.5,9.28,610.53,1900.22,650,-39.47,medium
1991,oats,Zab,50.0,50000.0,2650.0,2.65,134733.0,10373152.545,5,51865.763,19571.986,2.598,26946600.0,9.28,610.53,1900.22,500,110.53,low
1991,potato,Burgonya,48.0,48000.0,15760.0,15.76,1218787.0,10373152.545,55,570523.39,36200.723,2.136,22159763.636,9.28,610.53,1900.22,550,60.53,low
1991,rapeseed,Repcemag,65.0,65000.0,1680.0,1.68,111700.0,10373152.545,5,51865.763,30872.478,2.154,22340000.0,9.28,610.53,1900.22,550,60.53,low
1991,rye,Rozs,93.0,93000.0,2370.0,2.37,222776.0,10373152.545,5,51865.763,21884.288,4.295,44555200.0,9.28,610.53,1900.22,500,110.53,low
1991,soybean,Szójabab,25.0,25000.0,2300.0,2.3,57506.0,10373152.545,8,82985.22,36080.531,0.693,7188250.0,9.28,610.53,1900.22,600,10.53,high
1991,sugar_beet,Cukorrépa,161.0,161000.0,37160.0,37.16,5867000.0,10373152.545,35,363060.339,9770.192,16.16,167628571.429,9.28,610.53,1900.22,650,-39.47,medium
1991,sunflower,Napraforgómag,389.0,389000.0,2070.0,2.07,812715.0,10373152.545,10,103731.525,50111.848,7.835,81271500.0,9.28,610.53,1900.22,600,10.53,low
1991,wheat,Búza,1152.0,1152000.0,5190.0,5.19,6007888.0,10373152.545,120,1244778.305,239841.677,4.826,50065733.333,9.28,610.53,1900.22,550,60.53,low
1992,barley,Árpa összesen,478.0,478000.0,3590.0,3.59,1723036.0,10373646.527,15,155604.698,43343.927,11.073,114869066.667,10.69,468.29,2105.54,500,-31.71,medium
1992,maize,Kukorica,1159.0,1159000.0,3650.0,3.65,4404906.0,10373646.527,80,829891.722,227367.595,5.308,55061325.0,10.69,468.29,2105.54,650,-181.71,high
1992,oats,Zab,51.0,51000.0,2810.0,2.81,147155.0,10373646.527,5,51868.233,18458.446,2.837,29431000.0,10.69,468.29,2105.54,500,-31.71,medium
1992,potato,Burgonya,52.0,52000.0,16850.0,16.85,1211633.0,10373646.527,55,570550.559,33860.567,2.124,22029690.909,10.69,468.29,2105.54,550,-81.71,medium
1992,rapeseed,Repcemag,34.0,34000.0,1280.0,1.28,44319.0,10373646.527,5,51868.233,40522.057,0.854,8863800.0,10.69,468.29,2105.54,550,-81.71,high
1992,rye,Rozs,70.0,70000.0,1920.0,1.92,135687.0,10373646.527,5,51868.233,27014.704,2.616,27137400.0,10.69,468.29,2105.54,500,-31.71,medium
1992,soybean,Szójabab,28.0,28000.0,1430.0,1.43,39909.0,10373646.527,8,82989.172,58034.386,0.481,4988625.0,10.69,468.29,2105.54,600,-131.71,high
1992,sugar_beet,Cukorrépa,108.0,108000.0,27190.0,27.19,2928419.0,10373646.527,35,363077.628,13353.352,8.066,83669114.286,10.69,468.29,2105.54,650,-181.71,high
1992,sunflower,Napraforgómag,428.0,428000.0,1780.0,1.78,764744.0,10373646.527,10,103736.465,58278.913,7.372,76474400.0,10.69,468.29,2105.54,600,-131.71,high
1992,wheat,Búza,846.0,846000.0,4070.0,4.07,3453112.0,10373646.527,120,1244837.583,305856.9,2.774,28775933.333,10.69,468.29,2105.54,550,-81.71,medium
1993,barley,Árpa összesen,429.0,429000.0,2640.0,2.64,1138101.0,10365034.659,15,155475.52,58892.242,7.32,75873400.0,9.77,500.98,2014.28,500,0.98,low
1993,maize,Kukorica,1121.0,1121000.0,3500.0,3.5,4044455.0,10365034.659,80,829202.773,236915.078,4.878,50555687.5,9.77,500.98,2014.28,650,-149.02,high
1993,oats,Zab,53.0,53000.0,1820.0,1.82,96235.0,10365034.659,5,51825.173,28475.37,1.857,19247000.0,9.77,500.98,2014.28,500,0.98,low
1993,potato,Burgonya,56.0,56000.0,13310.0,13.31,1057000.0,10365034.659,55,570076.906,42830.722,1.854,19218181.818,9.77,500.98,2014.28,550,-49.02,medium
1993,rapeseed,Repcemag,22.0,22000.0,1000.0,1.0,22327.0,10365034.659,5,51825.173,51825.173,0.431,4465400.0,9.77,500.98,2014.28,550,-49.02,high
1993,rye,Rozs,69.0,69000.0,1660.0,1.66,113153.0,10365034.659,5,51825.173,31219.984,2.183,22630600.0,9.77,500.98,2014.28,500,0.98,low
1993,soybean,Szójabab,15.0,15000.0,1710.0,1.71,26127.0,10365034.659,8,82920.277,48491.39,0.315,3265875.0,9.77,500.98,2014.28,600,-99.02,high
1993,sugar_beet,Cukorrépa,95.0,95000.0,22950.0,22.95,2182061.0,10365034.659,35,362776.213,15807.242,6.015,62344600.0,9.77,500.98,2014.28,650,-149.02,high
1993,sunflower,Napraforgómag,389.0,389000.0,1780.0,1.78,655311.0,10365034.659,10,103650.347,58230.532,6.322,65531100.0,9.77,500.98,2014.28,600,-99.02,medium
1993,wheat,Búza,986.0,986000.0,3050.0,3.05,3020655.0,10365034.659,120,1243804.159,407804.642,2.429,25172125.0,9.77,500.98,2014.28,550,-49.02,medium
1994,barley,Árpa összesen,423.0,423000.0,3670.0,3.67,1558295.0,10350009.951,15,155250.149,42302.493,10.037,103886333.333,11.14,494.51,2044.94,500,-5.49,medium
1994,maize,Kukorica,1204.0,1204000.0,3850.0,3.85,4761201.0,10350009.951,80,828000.796,215065.142,5.75,59515012.5,11.14,494.51,2044.94,650,-155.49,high
1994,oats,Zab,56.0,56000.0,2310.0,2.31,130723.0,10350009.951,5,51750.05,22402.619,2.526,26144600.0,11.14,494.51,2044.94,500,-5.49,medium
1994,potato,Burgonya,57.0,57000.0,12770.0,12.77,945682.0,10350009.951,55,569250.547,44577.177,1.661,17194218.182,11.14,494.51,2044.94,550,-55.49,medium
1994,rapeseed,Repcemag,28.0,28000.0,1810.0,1.81,53135.0,10350009.951,5,51750.05,28591.188,1.027,10627000.0,11.14,494.51,2044.94,550,-55.49,medium
1994,rye,Rozs,90.0,90000.0,2160.0,2.16,192969.0,10350009.951,5,51750.05,23958.356,3.729,38593800.0,11.14,494.51,2044.94,500,-5.49,medium
1994,soybean,Szójabab,9.0,9000.0,1840.0,1.84,16665.0,10350009.951,8,82800.08,45000.043,0.201,2083125.0,11.14,494.51,2044.94,600,-105.49,high
1994,sugar_beet,Cukorrépa,105.0,105000.0,31980.0,31.98,3370322.0,10350009.951,35,362250.348,11327.403,9.304,96294914.286,11.14,494.51,2044.94,650,-155.49,high
1994,sunflower,Napraforgómag,416.0,416000.0,1600.0,1.6,667480.0,10350009.951,10,103500.1,64687.562,6.449,66748000.0,11.14,494.51,2044.94,600,-105.49,high
1994,wheat,Búza,1059.0,1059000.0,4590.0,4.59,4873751.0,10350009.951,120,1242001.194,270588.495,3.924,40614591.667,11.14,494.51,2044.94,550,-55.49,medium
1995,barley,Árpa összesen,393.0,393000.0,3560.0,3.56,1407642.0,10336700.101,15,155050.502,43553.512,9.079,93842800.0,9.98,658.07,1906.2,500,158.07,low
1995,maize,Kukorica,1033.0,1033000.0,4430.0,4.43,4679848.0,10336700.101,80,826936.008,186667.27,5.659,58498100.0,9.98,658.07,1906.2,650,8.07,low
1995,oats,Zab,53.0,53000.0,2590.0,2.59,138956.0,10336700.101,5,51683.501,19955.02,2.689,27791200.0,9.98,658.07,1906.2,500,158.07,low
1995,potato,Burgonya,57.0,57000.0,15780.0,15.78,1099166.0,10336700.101,55,568518.506,36027.789,1.933,19984836.364,9.98,658.07,1906.2,550,108.07,low
1995,rapeseed,Repcemag,45.0,45000.0,1960.0,1.96,88718.0,10336700.101,5,51683.501,26369.133,1.717,17743600.0,9.98,658.07,1906.2,550,108.07,low
1995,rye,Rozs,78.0,78000.0,2190.0,2.19,171310.0,10336700.101,5,51683.501,23599.772,3.315,34262000.0,9.98,658.07,1906.2,500,158.07,low
1995,soybean,Szójabab,10.0,10000.0,1850.0,1.85,19270.0,10336700.101,8,82693.601,44699.244,0.233,2408750.0,9.98,658.07,1906.2,600,58.07,high
1995,sugar_beet,Cukorrépa,124.0,124000.0,33950.0,33.95,4198717.0,10336700.101,35,361784.504,10656.392,11.606,119963342.857,9.98,658.07,1906.2,650,8.07,low
1995,sunflower,Napraforgómag,491.0,491000.0,1600.0,1.6,788996.0,10336700.101,10,103367.001,64604.376,7.633,78899600.0,9.98,658.07,1906.2,600,58.07,low
1995,wheat,Búza,1108.0,1108000.0,4160.0,4.16,4614203.0,10336700.101,120,1240404.012,298174.041,3.72,38451691.667,9.98,658.07,1906.2,550,108.07,low
1996,barley,Árpa összesen,325.0,325000.0,2830.0,2.83,921447.0,10321228.918,15,154818.434,54706.16,5.952,61429800.0,9.07,622.35,1830.19,500,122.35,low
1996,maize,Kukorica,1053.0,1053000.0,5610.0,5.61,5989220.0,10321228.918,80,825698.313,147183.3,7.254,74865250.0,9.07,622.35,1830.19,650,-27.65,medium
1996,oats,Zab,48.0,48000.0,2340.0,2.34,112258.0,10321228.918,5,51606.145,22053.908,2.175,22451600.0,9.07,622.35,1830.19,500,122.35,low
1996,potato,Burgonya,62.0,62000.0,17790.0,17.79,1308465.0,10321228.918,55,567667.59,31909.364,2.305,23790272.727,9.07,622.35,1830.19,550,72.35,low
1996,rapeseed,Repcemag,94.0,94000.0,1470.0,1.47,137613.0,10321228.918,5,51606.145,35106.221,2.667,27522600.0,9.07,622.35,1830.19,550,72.35,low
1996,rye,Rozs,61.0,61000.0,1650.0,1.65,98148.0,10321228.918,5,51606.145,31276.451,1.902,19629600.0,9.07,622.35,1830.19,500,122.35,low
1996,soybean,Szójabab,13.0,13000.0,2170.0,2.17,27494.0,10321228.918,8,82569.831,38050.614,0.333,3436750.0,9.07,622.35,1830.19,600,22.35,high
1996,sugar_beet,Cukorrépa,118.0,118000.0,39590.0,39.59,4677117.0,10321228.918,35,361243.012,9124.602,12.947,133631914.286,9.07,622.35,1830.19,650,-27.65,medium
1996,sunflower,Napraforgómag,473.0,473000.0,1820.0,1.82,868430.0,10321228.918,10,103212.289,56710.049,8.414,86843000.0,9.07,622.35,1830.19,600,22.35,low
1996,wheat,Búza,1193.0,1193000.0,3280.0,3.28,3910186.0,10321228.918,120,1238547.47,377605.936,3.157,32584883.333,9.07,622.35,1830.19,550,72.35,low
1997,barley,Árpa összesen,370.0,370000.0,3590.0,3.59,1330233.0,10301247.334,15,154518.71,43041.423,8.609,88682200.0,9.65,474.88,2103.48,500,-25.12,medium
1997,maize,Kukorica,1059.0,1059000.0,6410.0,6.41,6827776.0,10301247.334,80,824099.787,128564.709,8.285,85347200.0,9.65,474.88,2103.48,650,-175.12,high
1997,oats,Zab,52.0,52000.0,2590.0,2.59,138098.0,10301247.334,5,51506.237,19886.578,2.681,27619600.0,9.65,474.88,2103.48,500,-25.12,medium
1997,potato,Burgonya,64.0,64000.0,16280.0,16.28,1139547.0,10301247.334,55,566568.603,34801.511,2.011,20719036.364,9.65,474.88,2103.48,550,-75.12,medium
1997,rapeseed,Repcemag,89.0,89000.0,1620.0,1.62,144816.0,10301247.334,5,51506.237,31793.973,2.812,28963200.0,9.65,474.88,2103.48,550,-75.12,medium
1997,rye,Rozs,68.0,68000.0,2260.0,2.26,152775.0,10301247.334,5,51506.237,22790.37,2.966,30555000.0,9.65,474.88,2103.48,500,-25.12,medium
1997,soybean,Szójabab,14.0,14000.0,2240.0,2.24,30970.0,10301247.334,8,82409.979,36790.169,0.376,3871250.0,9.65,474.88,2103.48,600,-125.12,high
1997,sugar_beet,Cukorrépa,98.0,98000.0,37680.0,37.68,3690962.0,10301247.334,35,360543.657,9568.568,10.237,105456057.143,9.65,474.88,2103.48,650,-175.12,high
1997,sunflower,Napraforgómag,440.0,440000.0,1220.0,1.22,540297.0,10301247.334,10,103012.473,84436.454,5.245,54029700.0,9.65,474.88,2103.48,600,-125.12,high
1997,wheat,Búza,1247.0,1247000.0,4210.0,4.21,5257664.0,10301247.334,120,1236149.68,293622.252,4.253,43813866.667,9.65,474.88,2103.48,550,-75.12,medium
1998,barley,Árpa összesen,369.0,369000.0,3540.0,3.54,1304634.0,10279724.001,15,154195.86,43558.153,8.461,86975600.0,10.14,683.25,2023.35,500,183.25,low
1998,maize,Kukorica,1023.0,1023000.0,5950.0,5.95,6143270.0,10279724.001,80,822377.92,138214.776,7.47,76790875.0,10.14,683.25,2023.35,650,33.25,low
1998,oats,Zab,52.0,52000.0,2560.0,2.56,132385.0,10279724.001,5,51398.62,20077.586,2.576,26477000.0,10.14,683.25,2023.35,500,183.25,low
1998,potato,Burgonya,53.0,53000.0,18850.0,18.85,1147818.0,10279724.001,55,565384.82,29993.89,2.03,20869418.182,10.14,683.25,2023.35,550,133.25,low
1998,rapeseed,Repcemag,52.0,52000.0,1400.0,1.4,73035.0,10279724.001,5,51398.62,36713.3,1.421,14607000.0,10.14,683.25,2023.35,550,133.25,medium
1998,rye,Rozs,63.0,63000.0,2080.0,2.08,128836.0,10279724.001,5,51398.62,24710.875,2.507,25767200.0,10.14,683.25,2023.35,500,183.25,low
1998,soybean,Szójabab,24.0,24000.0,2090.0,2.09,49564.0,10279724.001,8,82237.792,39348.226,0.603,6195500.0,10.14,683.25,2023.35,600,83.25,high
1998,sugar_beet,Cukorrépa,80.0,80000.0,41960.0,41.96,3361022.0,10279724.001,35,359790.34,8574.603,9.342,96029200.0,10.14,683.25,2023.35,650,33.25,low
1998,sunflower,Napraforgómag,427.0,427000.0,1680.0,1.68,718340.0,10279724.001,10,102797.24,61188.833,6.988,71834000.0,10.14,683.25,2023.35,600,83.25,low
1998,wheat,Búza,1183.0,1183000.0,4140.0,4.14,4895212.0,10279724.001,120,1233566.88,297963.015,3.968,40793433.333,10.14,683.25,2023.35,550,133.25,low
1999,barley,Árpa összesen,334.0,334000.0,3120.0,3.12,1041991.0,10253416.0,15,153801.24,49295.269,6.775,69466066.667,10.32,764.04,1966.65,500,264.04,low
1999,maize,Kukorica,1115.0,1115000.0,6380.0,6.38,7143901.0,10253416.0,80,820273.28,128569.48,8.709,89298762.5,10.32,764.04,1966.65,650,114.04,low
1999,oats,Zab,70.0,70000.0,2560.0,2.56,180372.0,10253416.0,5,51267.08,20026.203,3.518,36074400.0,10.32,764.04,1966.65,500,264.04,low
1999,potato,Burgonya,56.0,56000.0,18390.0,18.39,1198681.0,10253416.0,55,563937.88,30665.464,2.126,21794200.0,10.32,764.04,1966.65,550,214.04,low
1999,rapeseed,Repcemag,181.0,181000.0,1820.0,1.82,327937.0,10253416.0,5,51267.08,28168.725,6.397,65587400.0,10.32,764.04,1966.65,550,214.04,low
1999,rye,Rozs,41.0,41000.0,2030.0,2.03,80338.0,10253416.0,5,51267.08,25254.719,1.567,16067600.0,10.32,764.04,1966.65,500,264.04,low
1999,soybean,Szójabab,32.0,32000.0,2400.0,2.4,77491.0,10253416.0,8,82027.328,34178.053,0.945,9686375.0,10.32,764.04,1966.65,600,164.04,high
1999,sugar_beet,Cukorrépa,66.0,66000.0,44540.0,44.54,2933504.0,10253416.0,35,358869.56,8057.242,8.174,83814400.0,10.32,764.04,1966.65,650,114.04,low
1999,sunflower,Napraforgómag,521.0,521000.0,1520.0,1.52,792928.0,10253416.0,10,102534.16,67456.684,7.733,79292800.0,10.32,764.04,1966.65,600,164.04,low
1999,wheat,Búza,734.0,734000.0,3590.0,3.59,2638342.0,10253416.0,120,1230409.92,342732.568,2.144,21986183.333,10.32,764.04,1966.65,550,214.04,low
2000,barley,Árpa összesen,325.0,325000.0,2770.0,2.77,900510.0,10221643.5,15,153324.653,55351.86,5.873,60034000.0,11.45,432.01,2211.95,500,-67.99,medium
2000,maize,Kukorica,1193.0,1193000.0,4150.0,4.15,4984332.0,10221643.5,80,817731.48,197043.73,6.095,62304150.0,11.45,432.01,2211.95,650,-217.99,high
2000,oats,Zab,58.0,58000.0,1670.0,1.67,97450.0,10221643.5,5,51108.218,30603.723,1.907,19490000.0,11.45,432.01,2211.95,500,-67.99,medium
2000,potato,Burgonya,47.0,47000.0,15290.0,15.29,863511.0,10221643.5,55,562190.393,36768.502,1.536,15700200.0,11.45,432.01,2211.95,550,-117.99,high
2000,rapeseed,Repcemag,116.0,116000.0,1550.0,1.55,179319.0,10221643.5,5,51108.218,32973.044,3.509,35863800.0,11.45,432.01,2211.95,550,-117.99,high
2000,rye,Rozs,43.0,43000.0,2000.0,2.0,86484.0,10221643.5,5,51108.218,25554.109,1.692,17296800.0,11.45,432.01,2211.95,500,-67.99,medium
2000,soybean,Szójabab,22.0,22000.0,1390.0,1.39,30785.0,10221643.5,8,81773.148,58829.603,0.376,3848125.0,11.45,432.01,2211.95,600,-167.99,critical
2000,sugar_beet,Cukorrépa,57.0,57000.0,34350.0,34.35,1976192.0,10221643.5,35,357757.523,10415.066,5.524,56462628.571,11.45,432.01,2211.95,650,-217.99,high
2000,sunflower,Napraforgómag,299.0,299000.0,1620.0,1.62,483649.0,10221643.5,10,102216.435,63096.565,4.732,48364900.0,11.45,432.01,2211.95,600,-167.99,high
2000,wheat,Búza,1024.0,1024000.0,3600.0,3.6,3692470.0,10221643.5,120,1226597.22,340721.45,3.01,30770583.333,11.45,432.01,2211.95,550,-117.99,high
2001,barley,Árpa összesen,367.0,367000.0,3530.0,3.53,1299148.0,10200298.0,15,153004.47,43344.042,8.491,86609866.667,10.25,571.87,1919.37,500,71.87,low
2001,maize,Kukorica,1258.0,1258000.0,6220.0,6.22,7857713.0,10200298.0,80,816023.84,131193.543,9.629,98221412.5,10.25,571.87,1919.37,650,-78.13,medium
2001,oats,Zab,61.0,61000.0,2450.0,2.45,149694.0,10200298.0,5,51001.49,20816.935,2.935,29938800.0,10.25,571.87,1919.37,500,71.87,low
2001,potato,Burgonya,36.0,36000.0,21280.0,21.28,908359.0,10200298.0,55,561016.39,26363.552,1.619,16515618.182,10.25,571.87,1919.37,550,21.87,low
2001,rapeseed,Repcemag,110.0,110000.0,1870.0,1.87,205123.0,10200298.0,5,51001.49,27273.524,4.022,41024600.0,10.25,571.87,1919.37,550,21.87,low
2001,rye,Rozs,51.0,51000.0,2370.0,2.37,120988.0,10200298.0,5,51001.49,21519.616,2.372,24197600.0,10.25,571.87,1919.37,500,71.87,low
2001,soybean,Szójabab,21.0,21000.0,2020.0,2.02,41489.0,10200298.0,8,81602.384,40397.22,0.508,5186125.0,10.25,571.87,1919.37,600,-28.13,high
2001,sugar_beet,Cukorrépa,66.0,66000.0,43780.0,43.78,2902998.0,10200298.0,35,357010.43,8154.647,8.131,82942800.0,10.25,571.87,1919.37,650,-78.13,medium
2001,sunflower,Napraforgómag,320.0,320000.0,1960.0,1.96,632266.0,10200298.0,10,102002.98,52042.337,6.199,63226600.0,10.25,571.87,1919.37,600,-28.13,medium
2001,wheat,Búza,1206.0,1206000.0,4310.0,4.31,5196759.0,10200298.0,120,1224035.76,283999.016,4.246,43306325.0,10.25,571.87,1919.37,550,21.87,low
2002,barley,Árpa összesen,370.0,370000.0,2820.0,2.82,1045872.0,10174853.0,15,152622.795,54121.559,6.853,69724800.0,11.17,554.79,1881.95,500,54.79,low
2002,maize,Kukorica,1206.0,1206000.0,5050.0,5.05,6120937.0,10174853.0,80,813988.24,161185.79,7.52,76511712.5,11.17,554.79,1881.95,650,-95.21,medium
2002,oats,Zab,64.0,64000.0,2160.0,2.16,137600.0,10174853.0,5,50874.265,23552.9,2.705,27520000.0,11.17,554.79,1881.95,500,54.79,low
2002,potato,Burgonya,34.0,34000.0,18280.0,18.28,752244.0,10174853.0,55,559616.915,30613.617,1.344,13677163.636,11.17,554.79,1881.95,550,4.79,medium
2002,rapeseed,Repcemag,129.0,129000.0,1600.0,1.6,207528.0,10174853.0,5,50874.265,31796.416,4.079,41505600.0,11.17,554.79,1881.95,550,4.79,low
2002,rye,Rozs,49.0,49000.0,1960.0,1.96,95409.0,10174853.0,5,50874.265,25956.258,1.875,19081800.0,11.17,554.79,1881.95,500,54.79,low
2002,soybean,Szójabab,25.0,25000.0,2240.0,2.24,56231.0,10174853.0,8,81398.824,36338.761,0.691,7028875.0,11.17,554.79,1881.95,600,-45.21,high
2002,sugar_beet,Cukorrépa,55.0,55000.0,41080.0,41.08,2273845.0,10174853.0,35,356119.855,8668.935,6.385,64967000.0,11.17,554.79,1881.95,650,-95.21,medium
2002,sunflower,Napraforgómag,418.0,418000.0,1860.0,1.86,776885.0,10174853.0,10,101748.53,54703.511,7.635,77688500.0,11.17,554.79,1881.95,600,-45.21,medium
2002,wheat,Búza,1110.0,1110000.0,3510.0,3.51,3910244.0,10174853.0,120,1220982.36,347858.222,3.203,32585366.667,11.17,554.79,1881.95,550,4.79,low
2003,barley,Árpa összesen,341.0,341000.0,2380.0,2.38,810185.0,10142362.0,15,152135.43,63922.45,5.325,54012333.333,10.29,472.47,2294.52,500,-27.53,medium
2003,maize,Kukorica,1145.0,1145000.0,3950.0,3.95,4532147.0,10142362.0,80,811388.96,205414.927,5.586,56651837.5,10.29,472.47,2294.52,650,-177.53,high
2003,oats,Zab,68.0,68000.0,1490.0,1.49,101782.0,10142362.0,5,50711.81,34034.772,2.007,20356400.0,10.29,472.47,2294.52,500,-27.53,medium
2003,potato,Burgonya,31.0,31000.0,15660.0,15.66,582346.0,10142362.0,55,557829.91,35621.322,1.044,10588109.091,10.29,472.47,2294.52,550,-77.53,medium
2003,rapeseed,Repcemag,71.0,71000.0,1490.0,1.49,108059.0,10142362.0,5,50711.81,34034.772,2.131,21611800.0,10.29,472.47,2294.52,550,-77.53,medium
2003,rye,Rozs,46.0,46000.0,1460.0,1.46,67022.0,10142362.0,5,50711.81,34734.116,1.322,13404400.0,10.29,472.47,2294.52,500,-27.53,medium
2003,soybean,Szójabab,30.0,30000.0,1650.0,1.65,50137.0,10142362.0,8,81138.896,49175.088,0.618,6267125.0,10.29,472.47,2294.52,600,-127.53,high
2003,sugar_beet,Cukorrépa,52.0,52000.0,35120.0,35.12,1812422.0,10142362.0,35,354982.67,10107.707,5.106,51783485.714,10.29,472.47,2294.52,650,-177.53,high
2003,sunflower,Napraforgómag,511.0,511000.0,1900.0,1.9,992013.0,10142362.0,10,101423.62,53380.853,9.781,99201300.0,10.29,472.47,2294.52,600,-127.53,high
2003,wheat,Búza,1114.0,1114000.0,2640.0,2.64,2941248.0,10142362.0,120,1217083.44,461016.455,2.417,24510400.0,10.29,472.47,2294.52,550,-77.53,medium
2004,barley,Árpa összesen,331.0,331000.0,4270.0,4.27,1413365.0,10116742.0,15,151751.13,35538.906,9.314,94224333.333,9.93,671.09,1920.76,500,171.09,low
2004,maize,Kukorica,1190.0,1190000.0,7000.0,7.0,8332448.0,10116742.0,80,809339.36,115619.909,10.295,104155600.0,9.93,671.09,1920.76,650,21.09,low
2004,oats,Zab,70.0,70000.0,3120.0,3.12,217376.0,10116742.0,5,50583.71,16212.728,4.297,43475200.0,9.93,671.09,1920.76,500,171.09,low
2004,potato,Burgonya,31.0,31000.0,22760.0,22.76,783686.0,10116742.0,55,556420.81,24447.312,1.408,14248836.364,9.93,671.09,1920.76,550,121.09,medium
2004,rapeseed,Repcemag,105.0,105000.0,2770.0,2.77,290551.0,10116742.0,5,50583.71,18261.267,5.744,58110200.0,9.93,671.09,1920.76,550,121.09,low
2004,rye,Rozs,45.0,45000.0,2750.0,2.75,125095.0,10116742.0,5,50583.71,18394.076,2.473,25019000.0,9.93,671.09,1920.76,500,171.09,low
2004,soybean,Szójabab,27.0,27000.0,2370.0,2.37,64804.0,10116742.0,8,80933.936,34149.34,0.801,8100500.0,9.93,671.09,1920.76,600,71.09,high
2004,sugar_beet,Cukorrépa,62.0,62000.0,56720.0,56.72,3527105.0,10116742.0,35,354085.97,6242.7,9.961,100774428.571,9.93,671.09,1920.76,650,21.09,low
2004,sunflower,Napraforgómag,480.0,480000.0,2470.0,2.47,1186180.0,10116742.0,10,101167.42,40958.47,11.725,118618000.0,9.93,671.09,1920.76,600,71.09,low
2004,wheat,Búza,1174.0,1174000.0,5120.0,5.12,6006825.0,10116742.0,120,1214009.04,237111.141,4.948,50056875.0,9.93,671.09,1920.76,550,121.09,low
2005,barley,Árpa összesen,317.0,317000.0,3750.0,3.75,1190447.0,10097549.0,15,151463.235,40390.196,7.86,79363133.333,9.65,699.88,2075.72,500,199.88,low
2005,maize,Kukorica,1198.0,1198000.0,7560.0,7.56,9050004.0,10097549.0,80,807803.92,106852.37,11.203,113125050.0,9.65,699.88,2075.72,650,49.88,low
2005,oats,Zab,62.0,62000.0,2520.0,2.52,157354.0,10097549.0,5,50487.745,20034.819,3.117,31470800.0,9.65,699.88,2075.72,500,199.88,low
2005,potato,Burgonya,25.0,25000.0,23020.0,23.02,656721.0,10097549.0,55,555365.195,24125.334,1.183,11940381.818,9.65,699.88,2075.72,550,149.88,medium
2005,rapeseed,Repcemag,122.0,122000.0,2310.0,2.31,282713.0,10097549.0,5,50487.745,21856.167,5.6,56542600.0,9.65,699.88,2075.72,550,149.88,low
2005,rye,Rozs,42.0,42000.0,2570.0,2.57,107308.0,10097549.0,5,50487.745,19645.037,2.125,21461600.0,9.65,699.88,2075.72,500,199.88,low
2005,soybean,Szójabab,34.0,34000.0,2320.0,2.32,77963.0,10097549.0,8,80780.392,34819.134,0.965,9745375.0,9.65,699.88,2075.72,600,99.88,high
2005,sugar_beet,Cukorrépa,62.0,62000.0,57040.0,57.04,3515865.0,10097549.0,35,353414.215,6195.901,9.948,100453285.714,9.65,699.88,2075.72,650,49.88,low
2005,sunflower,Napraforgómag,511.0,511000.0,2170.0,2.17,1107907.0,10097549.0,10,100975.49,46532.484,10.972,110790700.0,9.65,699.88,2075.72,600,99.88,low
2005,wheat,Búza,1131.0,1131000.0,4500.0,4.5,5088219.0,10097549.0,120,1211705.88,269267.973,4.199,42401825.0,9.65,699.88,2075.72,550,149.88,low
2006,barley,Árpa összesen,293.0,293000.0,3670.0,3.67,1075150.0,10076581.0,15,151148.715,41184.936,7.113,71676666.667,10.4,572.15,2070.12,500,72.15,low
2006,maize,Kukorica,1215.0,1215000.0,6820.0,6.82,8281666.0,10076581.0,80,806126.48,118200.364,10.273,103520825.0,10.4,572.15,2070.12,650,-77.85,medium
2006,oats,Zab,59.0,59000.0,2550.0,2.55,150823.0,10076581.0,5,50382.905,19758.002,2.994,30164600.0,10.4,572.15,2070.12,500,72.15,low
2006,potato,Burgonya,23.0,23000.0,23450.0,23.45,564443.0,10076581.0,55,554211.955,23633.772,1.018,10262600.0,10.4,572.15,2070.12,550,22.15,medium
2006,rapeseed,Repcemag,142.0,142000.0,2380.0,2.38,338006.0,10076581.0,5,50382.905,21169.288,6.709,67601200.0,10.4,572.15,2070.12,550,22.15,low
2006,rye,Rozs,39.0,39000.0,2540.0,2.54,98714.0,10076581.0,5,50382.905,19835.789,1.959,19742800.0,10.4,572.15,2070.12,500,72.15,low
2006,soybean,Szójabab,36.0,36000.0,2370.0,2.37,85035.0,10076581.0,8,80612.648,34013.776,1.055,10629375.0,10.4,572.15,2070.12,600,-27.85,medium
2006,sugar_beet,Cukorrépa,47.0,47000.0,52410.0,52.41,2454225.0,10076581.0,35,352680.335,6729.257,6.959,70120714.286,10.4,572.15,2070.12,650,-77.85,medium
2006,sunflower,Napraforgómag,534.0,534000.0,2210.0,2.21,1180659.0,10076581.0,10,100765.81,45595.389,11.717,118065900.0,10.4,572.15,2070.12,600,-27.85,medium
2006,wheat,Búza,1075.0,1075000.0,4070.0,4.07,4376235.0,10076581.0,120,1209189.72,297098.211,3.619,36468625.0,10.4,572.15,2070.12,550,22.15,low
2007,barley,Árpa összesen,321.0,321000.0,3170.0,3.17,1017827.0,10066158.0,15,150992.37,47631.662,6.741,67855133.333,11.59,600.33,2236.46,500,100.33,low
2007,maize,Kukorica,1079.0,1079000.0,3730.0,3.73,4026734.0,10066158.0,80,805292.64,215896.15,5.0,50334175.0,11.59,600.33,2236.46,650,-49.67,medium
2007,oats,Zab,60.0,60000.0,2090.0,2.09,125199.0,10066158.0,5,50330.79,24081.718,2.488,25039800.0,11.59,600.33,2236.46,500,100.33,low
2007,potato,Burgonya,25.0,25000.0,18970.0,18.97,563135.0,10066158.0,55,553638.69,29184.96,1.017,10238818.182,11.59,600.33,2236.46,550,50.33,medium
2007,rapeseed,Repcemag,225.0,225000.0,2200.0,2.2,495901.0,10066158.0,5,50330.79,22877.632,9.853,99180200.0,11.59,600.33,2236.46,550,50.33,low
2007,rye,Rozs,40.0,40000.0,2040.0,2.04,81088.0,10066158.0,5,50330.79,24671.956,1.611,16217600.0,11.59,600.33,2236.46,500,100.33,low
2007,soybean,Szójabab,33.0,33000.0,1640.0,1.64,53982.0,10066158.0,8,80529.264,49103.21,0.67,6747750.0,11.59,600.33,2236.46,600,0.33,high
2007,sugar_beet,Cukorrépa,41.0,41000.0,41040.0,41.04,1692801.0,10066158.0,35,352315.53,8584.686,4.805,48365742.857,11.59,600.33,2236.46,650,-49.67,medium
2007,sunflower,Napraforgómag,513.0,513000.0,2070.0,2.07,1060457.0,10066158.0,10,100661.58,48628.783,10.535,106045700.0,11.59,600.33,2236.46,600,0.33,low
2007,wheat,Búza,1111.0,1111000.0,3590.0,3.59,3986708.0,10066158.0,120,1207938.96,336473.248,3.3,33222566.667,11.59,600.33,2236.46,550,50.33,low
2008,barley,Árpa összesen,330.0,330000.0,4450.0,4.45,1467055.0,10045401.0,15,150681.015,33860.902,9.736,97803666.667,11.29,587.62,2110.26,500,87.62,low
2008,maize,Kukorica,1192.0,1192000.0,7470.0,7.47,8897138.0,10045401.0,80,803632.08,107581.269,11.071,111214225.0,11.29,587.62,2110.26,650,-62.38,medium
2008,oats,Zab,61.0,61000.0,2970.0,2.97,181792.0,10045401.0,5,50227.005,16911.449,3.619,36358400.0,11.29,587.62,2110.26,500,87.62,low
2008,potato,Burgonya,25.0,25000.0,22280.0,22.28,683935.0,10045401.0,55,552497.055,24797.893,1.238,12435181.818,11.29,587.62,2110.26,550,37.62,medium
2008,rapeseed,Repcemag,247.0,247000.0,2650.0,2.65,654706.0,10045401.0,5,50227.005,18953.587,13.035,130941200.0,11.29,587.62,2110.26,550,37.62,low
2008,rye,Rozs,44.0,44000.0,2580.0,2.58,112493.0,10045401.0,5,50227.005,19467.831,2.24,22498600.0,11.29,587.62,2110.26,500,87.62,low
2008,soybean,Szójabab,29.0,29000.0,2560.0,2.56,74143.0,10045401.0,8,80363.208,31391.878,0.923,9267875.0,11.29,587.62,2110.26,600,-12.38,high
2008,sugar_beet,Cukorrépa,10.0,10000.0,59670.0,59.67,573160.0,10045401.0,35,351589.035,5892.224,1.63,16376000.0,11.29,587.62,2110.26,650,-62.38,medium
2008,sunflower,Napraforgómag,550.0,550000.0,2670.0,2.67,1468083.0,10045401.0,10,100454.01,37623.225,14.614,146808300.0,11.29,587.62,2110.26,600,-12.38,medium
2008,wheat,Búza,1130.0,1130000.0,4980.0,4.98,5630833.0,10045401.0,120,1205448.12,242057.855,4.671,46923608.333,11.29,587.62,2110.26,550,37.62,low
2009,barley,Árpa összesen,321.0,321000.0,3320.0,3.32,1063881.0,10030975.0,15,150464.625,45320.67,7.071,70925400.0,11.16,569.05,2118.62,500,69.05,low
2009,maize,Kukorica,1177.0,1177000.0,6390.0,6.39,7528380.0,10030975.0,80,802478.0,125583.412,9.381,94104750.0,11.16,569.05,2118.62,650,-80.95,medium
2009,oats,Zab,52.0,52000.0,2130.0,2.13,111144.0,10030975.0,5,50154.875,23546.89,2.216,22228800.0,11.16,569.05,2118.62,500,69.05,low
2009,potato,Burgonya,22.0,22000.0,21260.0,21.26,560615.0,10030975.0,55,551703.625,25950.312,1.016,10193000.0,11.16,569.05,2118.62,550,19.05,medium
2009,rapeseed,Repcemag,261.0,261000.0,2220.0,2.22,579365.0,10030975.0,5,50154.875,22592.286,11.552,115873000.0,11.16,569.05,2118.62,550,19.05,low
2009,rye,Rozs,40.0,40000.0,1810.0,1.81,72531.0,10030975.0,5,50154.875,27709.876,1.446,14506200.0,11.16,569.05,2118.62,500,69.05,medium
2009,soybean,Szójabab,32.0,32000.0,2270.0,2.27,71587.0,10030975.0,8,80247.8,35351.454,0.892,8948375.0,11.16,569.05,2118.62,600,-30.95,high
2009,sugar_beet,Cukorrépa,14.0,14000.0,53600.0,53.6,737014.0,10030975.0,35,351084.125,6550.077,2.099,21057542.857,11.16,569.05,2118.62,650,-80.95,medium
2009,sunflower,Napraforgómag,535.0,535000.0,2350.0,2.35,1256185.0,10030975.0,10,100309.75,42685.0,12.523,125618500.0,11.16,569.05,2118.62,600,-30.95,medium
2009,wheat,Búza,1146.0,1146000.0,3850.0,3.85,4419163.0,10030975.0,120,1203717.0,312653.766,3.671,36826358.333,11.16,569.05,2118.62,550,19.05,low
2010,barley,Árpa összesen,281.0,281000.0,3360.0,3.36,943817.0,10014324.0,15,150214.86,44706.804,6.283,62921133.333,10.03,958.43,1896.64,500,458.43,low
2010,maize,Kukorica,1079.0,1079000.0,6470.0,6.47,6984872.0,10014324.0,80,801145.92,123824.717,8.719,87310900.0,10.03,958.43,1896.64,650,308.43,low
2010,oats,Zab,51.0,51000.0,2320.0,2.32,117879.0,10014324.0,5,50071.62,21582.595,2.354,23575800.0,10.03,958.43,1896.64,500,458.43,low
2010,potato,Burgonya,21.0,21000.0,20420.0,20.42,488406.0,10014324.0,55,550787.82,26972.959,0.887,8880109.091,10.03,958.43,1896.64,550,408.43,high
2010,rapeseed,Repcemag,259.0,259000.0,2050.0,2.05,530619.0,10014324.0,5,50071.62,24425.18,10.597,106123800.0,10.03,958.43,1896.64,550,408.43,low
2010,rye,Rozs,37.0,37000.0,2110.0,2.11,78170.0,10014324.0,5,50071.62,23730.626,1.561,15634000.0,10.03,958.43,1896.64,500,458.43,low
2010,soybean,Szójabab,38.0,38000.0,2270.0,2.27,85440.0,10014324.0,8,80114.592,35292.772,1.066,10680000.0,10.03,958.43,1896.64,600,358.43,medium
2010,sugar_beet,Cukorrépa,14.0,14000.0,59090.0,59.09,818941.0,10014324.0,35,350501.34,5931.652,2.336,23398314.286,10.03,958.43,1896.64,650,308.43,low
2010,sunflower,Napraforgómag,502.0,502000.0,1930.0,1.93,969718.0,10014324.0,10,100143.24,51887.689,9.683,96971800.0,10.03,958.43,1896.64,600,358.43,low
2010,wheat,Búza,1011.0,1011000.0,3710.0,3.71,3745190.0,10014324.0,120,1201718.88,323913.445,3.117,31209916.667,10.03,958.43,1896.64,550,408.43,low
2011,barley,Árpa összesen,261.0,261000.0,3780.0,3.78,987644.0,9985722.0,15,149785.83,39625.881,6.594,65842933.333,10.7,400.48,2330.02,500,-99.52,medium
2011,maize,Kukorica,1230.0,1230000.0,6500.0,6.5,7992443.0,9985722.0,80,798857.76,122901.194,10.005,99905537.5,10.7,400.48,2330.02,650,-249.52,high
2011,oats,Zab,54.0,54000.0,2410.0,2.41,129139.0,9985722.0,5,49928.61,20717.266,2.586,25827800.0,10.7,400.48,2330.02,500,-99.52,medium
2011,potato,Burgonya,21.0,21000.0,25860.0,25.86,600123.0,9985722.0,55,549214.71,21238.001,1.093,10911327.273,10.7,400.48,2330.02,550,-149.52,high
2011,rapeseed,Repcemag,234.0,234000.0,2250.0,2.25,526712.0,9985722.0,5,49928.61,22190.493,10.549,105342400.0,10.7,400.48,2330.02,550,-149.52,high
2011,rye,Rozs,33.0,33000.0,2300.0,2.3,75231.0,9985722.0,5,49928.61,21708.091,1.507,15046200.0,10.7,400.48,2330.02,500,-99.52,medium
2011,soybean,Szójabab,41.0,41000.0,2320.0,2.32,94955.0,9985722.0,8,79885.776,34433.524,1.189,11869375.0,10.7,400.48,2330.02,600,-199.52,high
2011,sugar_beet,Cukorrépa,15.0,15000.0,56510.0,56.51,856368.0,9985722.0,35,349500.27,6184.751,2.45,24467657.143,10.7,400.48,2330.02,650,-249.52,high
2011,sunflower,Napraforgómag,580.0,580000.0,2370.0,2.37,1374784.0,9985722.0,10,99857.22,42133.848,13.767,137478400.0,10.7,400.48,2330.02,600,-199.52,high
2011,wheat,Búza,978.0,978000.0,4200.0,4.2,4106634.0,9985722.0,120,1198286.64,285306.343,3.427,34221950.0,10.7,400.48,2330.02,550,-149.52,high
2012,barley,Árpa összesen,275.0,275000.0,3620.0,3.62,996114.0,9931925.0,15,148978.875,41154.385,6.686,66407600.0,11.23,470.09,2397.25,500,-29.91,medium
2012,maize,Kukorica,1191.0,1191000.0,4000.0,4.0,4762707.0,9931925.0,80,794554.0,198638.5,5.994,59533837.5,11.23,470.09,2397.25,650,-179.91,high
2012,oats,Zab,53.0,53000.0,2590.0,2.59,137151.0,9931925.0,5,49659.625,19173.6,2.762,27430200.0,11.23,470.09,2397.25,500,-29.91,medium
2012,potato,Burgonya,25.0,25000.0,20540.0,20.54,547714.0,9931925.0,55,546255.875,26594.736,1.003,9958436.364,11.23,470.09,2397.25,550,-79.91,medium
2012,rapeseed,Repcemag,165.0,165000.0,2510.0,2.51,414637.0,9931925.0,5,49659.625,19784.711,8.35,82927400.0,11.23,470.09,2397.25,550,-79.91,medium
2012,rye,Rozs,35.0,35000.0,2240.0,2.24,78839.0,9931925.0,5,49659.625,22169.475,1.588,15767800.0,11.23,470.09,2397.25,500,-29.91,medium
2012,soybean,Szójabab,41.0,41000.0,1660.0,1.66,67727.0,9931925.0,8,79455.4,47864.699,0.852,8465875.0,11.23,470.09,2397.25,600,-129.91,high
2012,sugar_beet,Cukorrépa,19.0,19000.0,47090.0,47.09,881716.0,9931925.0,35,347617.375,7381.979,2.536,25191885.714,11.23,470.09,2397.25,650,-179.91,high
2012,sunflower,Napraforgómag,615.0,615000.0,2140.0,2.14,1316545.0,9931925.0,10,99319.25,46410.864,13.256,131654500.0,11.23,470.09,2397.25,600,-129.91,high
2012,wheat,Búza,1070.0,1070000.0,3750.0,3.75,4010991.0,9931925.0,120,1191831.0,317821.6,3.365,33424925.0,11.23,470.09,2397.25,550,-79.91,medium
2013,barley,Árpa összesen,262.0,262000.0,4050.0,4.05,1061996.0,9895250.0,15,148428.75,36649.074,7.155,70799733.333,10.91,637.57,2117.25,500,137.57,low
2013,maize,Kukorica,1243.0,1243000.0,5440.0,5.44,6756435.0,9895250.0,80,791620.0,145518.382,8.535,84455437.5,10.91,637.57,2117.25,650,-12.43,medium
2013,oats,Zab,51.0,51000.0,2570.0,2.57,131597.0,9895250.0,5,49476.25,19251.459,2.66,26319400.0,10.91,637.57,2117.25,500,137.57,low
2013,potato,Burgonya,21.0,21000.0,21690.0,21.69,487359.0,9895250.0,55,544238.75,25091.69,0.895,8861072.727,10.91,637.57,2117.25,550,87.57,high
2013,rapeseed,Repcemag,198.0,198000.0,2690.0,2.69,532516.0,9895250.0,5,49476.25,18392.658,10.763,106503200.0,10.91,637.57,2117.25,550,87.57,low
2013,rye,Rozs,35.0,35000.0,3070.0,3.07,108495.0,9895250.0,5,49476.25,16116.042,2.193,21699000.0,10.91,637.57,2117.25,500,137.57,low
2013,soybean,Szójabab,42.0,42000.0,1860.0,1.86,78763.0,9895250.0,8,79162.0,42560.215,0.995,9845375.0,10.91,637.57,2117.25,600,37.57,high
2013,sugar_beet,Cukorrépa,19.0,19000.0,52660.0,52.66,990715.0,9895250.0,35,346333.75,6576.79,2.861,28306142.857,10.91,637.57,2117.25,650,-12.43,medium
2013,sunflower,Napraforgómag,597.0,597000.0,2490.0,2.49,1484368.0,9895250.0,10,98952.5,39739.96,15.001,148436800.0,10.91,637.57,2117.25,600,37.57,low
2013,wheat,Búza,1090.0,1090000.0,4640.0,4.64,5058301.0,9895250.0,120,1187430.0,255911.638,4.26,42152508.333,10.91,637.57,2117.25,550,87.57,low
2014,barley,Árpa összesen,288.0,288000.0,4420.0,4.42,1274713.0,9850217.0,15,147753.255,33428.338,8.627,84980866.667,11.78,744.44,2065.47,500,244.44,low
2014,maize,Kukorica,1191.0,1191000.0,7820.0,7.82,9315104.0,9850217.0,80,788017.36,100769.483,11.821,116438800.0,11.78,744.44,2065.47,650,94.44,low
2014,oats,Zab,51.0,51000.0,2670.0,2.67,135625.0,9850217.0,5,49251.085,18446.099,2.754,27125000.0,11.78,744.44,2065.47,500,244.44,low
2014,potato,Burgonya,21.0,21000.0,25580.0,25.58,567430.0,9850217.0,55,541761.935,21179.122,1.047,10316909.091,11.78,744.44,2065.47,550,194.44,medium
2014,rapeseed,Repcemag,214.0,214000.0,3270.0,3.27,699752.0,9850217.0,5,49251.085,15061.494,14.208,139950400.0,11.78,744.44,2065.47,550,194.44,low
2014,rye,Rozs,34.0,34000.0,2860.0,2.86,95944.0,9850217.0,5,49251.085,17220.659,1.948,19188800.0,11.78,744.44,2065.47,500,244.44,low
2014,soybean,Szójabab,43.0,43000.0,2690.0,2.69,115594.0,9850217.0,8,78801.736,29294.326,1.467,14449250.0,11.78,744.44,2065.47,600,144.44,medium
2014,sugar_beet,Cukorrépa,15.0,15000.0,69200.0,69.2,1066754.0,9850217.0,35,344757.595,4982.046,3.094,30478685.714,11.78,744.44,2065.47,650,94.44,low
2014,sunflower,Napraforgómag,594.0,594000.0,2690.0,2.69,1597251.0,9850217.0,10,98502.17,36617.907,16.215,159725100.0,11.78,744.44,2065.47,600,144.44,low
2014,wheat,Búza,1113.0,1113000.0,4730.0,4.73,5261890.0,9850217.0,120,1182026.04,249899.797,4.452,43849083.333,11.78,744.44,2065.47,550,194.44,low
2015,barley,Árpa összesen,296.0,296000.0,4760.0,4.76,1408563.0,9815858.0,15,147237.87,30932.326,9.567,93904200.0,11.61,537.06,2276.81,500,37.06,low
2015,maize,Kukorica,1146.0,1146000.0,5790.0,5.79,6632783.0,9815858.0,80,785268.64,135624.981,8.447,82909787.5,11.61,537.06,2276.81,650,-112.94,high
2015,oats,Zab,45.0,45000.0,2830.0,2.83,128672.0,9815858.0,5,49079.29,17342.505,2.622,25734400.0,11.61,537.06,2276.81,500,37.06,low
2015,potato,Burgonya,19.0,19000.0,22530.0,22.53,452008.0,9815858.0,55,539872.19,23962.37,0.837,8218327.273,11.61,537.06,2276.81,550,-12.94,high
2015,rapeseed,Repcemag,221.0,221000.0,2680.0,2.68,590444.0,9815858.0,5,49079.29,18313.168,12.03,118088800.0,11.61,537.06,2276.81,550,-12.94,medium
2015,rye,Rozs,38.0,38000.0,2760.0,2.76,103950.0,9815858.0,5,49079.29,17782.351,2.118,20790000.0,11.61,537.06,2276.81,500,37.06,low
2015,soybean,Szójabab,72.0,72000.0,2030.0,2.03,145853.0,9815858.0,8,78526.864,38683.184,1.857,18231625.0,11.61,537.06,2276.81,600,-62.94,medium
2015,sugar_beet,Cukorrépa,16.0,16000.0,58720.0,58.72,910915.0,9815858.0,35,343555.03,5850.733,2.651,26026142.857,11.61,537.06,2276.81,650,-112.94,high
2015,sunflower,Napraforgómag,612.0,612000.0,2550.0,2.55,1556976.0,9815858.0,10,98158.58,38493.561,15.862,155697600.0,11.61,537.06,2276.81,600,-62.94,medium
2015,wheat,Búza,1029.0,1029000.0,5180.0,5.18,5331426.0,9815858.0,120,1177902.96,227394.394,4.526,44428550.0,11.61,537.06,2276.81,550,-12.94,medium
2016,barley,Árpa összesen,313.0,313000.0,5090.0,5.09,1594233.0,9779652.0,15,146694.78,28820.193,10.868,106282200.0,11.06,690.19,2287.43,500,190.19,low
2016,maize,Kukorica,1012.0,1012000.0,8630.0,8.63,8729915.0,9779652.0,80,782372.16,90657.261,11.158,109123937.5,11.06,690.19,2287.43,650,40.19,low
2016,oats,Zab,36.0,36000.0,2850.0,2.85,103635.0,9779652.0,5,48898.26,17157.284,2.119,20727000.0,11.06,690.19,2287.43,500,190.19,low
2016,potato,Burgonya,16.0,16000.0,24970.0,24.97,429435.0,9779652.0,55,537880.86,21541.084,0.798,7807909.091,11.06,690.19,2287.43,550,140.19,high
2016,rapeseed,Repcemag,257.0,257000.0,3600.0,3.6,924988.0,9779652.0,5,48898.26,13582.85,18.917,184997600.0,11.06,690.19,2287.43,550,140.19,low
2016,rye,Rozs,27.0,27000.0,3090.0,3.09,84070.0,9779652.0,5,48898.26,15824.68,1.719,16814000.0,11.06,690.19,2287.43,500,190.19,low
2016,soybean,Szójabab,61.0,61000.0,3030.0,3.03,184725.0,9779652.0,8,78237.216,25820.863,2.361,23090625.0,11.06,690.19,2287.43,600,90.19,low
2016,sugar_beet,Cukorrépa,16.0,16000.0,70090.0,70.09,1121247.0,9779652.0,35,342287.82,4883.547,3.276,32035628.571,11.06,690.19,2287.43,650,40.19,low
2016,sunflower,Napraforgómag,630.0,630000.0,2980.0,2.98,1875412.0,9779652.0,10,97796.52,32817.624,19.177,187541200.0,11.06,690.19,2287.43,600,90.19,low
2016,wheat,Búza,1044.0,1044000.0,5370.0,5.37,5603184.0,9779652.0,120,1173558.24,218539.709,4.775,46693200.0,11.06,690.19,2287.43,550,140.19,low
2017,barley,Árpa összesen,268.0,268000.0,5280.0,5.28,1416376.0,9739857.0,15,146097.855,27670.048,9.695,94425066.667,11.06,633.0,2470.55,500,133.0,low
2017,maize,Kukorica,989.0,989000.0,6820.0,6.82,6739186.0,9739857.0,80,779188.56,114250.522,8.649,84239825.0,11.06,633.0,2470.55,650,-17.0,medium
2017,oats,Zab,37.0,37000.0,2540.0,2.54,94809.0,9739857.0,5,48699.285,19172.947,1.947,18961800.0,11.06,633.0,2470.55,500,133.0,low
2017,potato,Burgonya,15.0,15000.0,21490.0,21.49,341050.0,9739857.0,55,535692.135,24927.507,0.637,6200909.091,11.06,633.0,2470.55,550,83.0,high
2017,rapeseed,Repcemag,303.0,303000.0,3080.0,3.08,932139.0,9739857.0,5,48699.285,15811.456,19.141,186427800.0,11.06,633.0,2470.55,550,83.0,low
2017,rye,Rozs,26.0,26000.0,3290.0,3.29,87060.0,9739857.0,5,48699.285,14802.214,1.788,17412000.0,11.06,633.0,2470.55,500,133.0,low
2017,soybean,Szójabab,76.0,76000.0,2370.0,2.37,179282.0,9739857.0,8,77918.856,32877.154,2.301,22410250.0,11.06,633.0,2470.55,600,33.0,low
2017,sugar_beet,Cukorrépa,19.0,19000.0,62830.0,62.83,1171502.0,9739857.0,35,340894.995,5425.672,3.437,33471485.714,11.06,633.0,2470.55,650,-17.0,medium
2017,sunflower,Napraforgómag,695.0,695000.0,2910.0,2.91,2022332.0,9739857.0,10,97398.57,33470.299,20.763,202233200.0,11.06,633.0,2470.55,600,33.0,low
2017,wheat,Búza,966.0,966000.0,5430.0,5.43,5246258.0,9739857.0,120,1168782.84,215245.459,4.489,43718816.667,11.06,633.0,2470.55,550,83.0,low
2018,barley,Árpa összesen,244.0,244000.0,4690.0,4.69,1145544.0,9713655.0,15,145704.825,31067.127,7.862,76369600.0,12.0,583.13,2316.47,500,83.13,low
2018,maize,Kukorica,939.0,939000.0,8490.0,8.49,7976941.0,9713655.0,80,777092.4,91530.318,10.265,99711762.5,12.0,583.13,2316.47,650,-66.87,medium
2018,oats,Zab,23.0,23000.0,2620.0,2.62,59310.0,9713655.0,5,48568.275,18537.51,1.221,11862000.0,12.0,583.13,2316.47,500,83.13,medium
2018,potato,Burgonya,12.0,12000.0,22220.0,22.22,304113.0,9713655.0,55,534251.025,24043.7,0.569,5529327.273,12.0,583.13,2316.47,550,33.13,high
2018,rapeseed,Repcemag,331.0,331000.0,3030.0,3.03,1002714.0,9713655.0,5,48568.275,16029.134,20.645,200542800.0,12.0,583.13,2316.47,550,33.13,low
2018,rye,Rozs,26.0,26000.0,3370.0,3.37,88293.0,9713655.0,5,48568.275,14411.951,1.818,17658600.0,12.0,583.13,2316.47,500,83.13,low
2018,soybean,Szójabab,62.0,62000.0,2920.0,2.92,181240.0,9713655.0,8,77709.24,26612.753,2.332,22655000.0,12.0,583.13,2316.47,600,-16.87,medium
2018,sugar_beet,Cukorrépa,16.0,16000.0,60770.0,60.77,958080.0,9713655.0,35,339977.925,5594.503,2.818,27373714.286,12.0,583.13,2316.47,650,-66.87,medium
2018,sunflower,Napraforgómag,617.0,617000.0,2970.0,2.97,1830284.0,9713655.0,10,97136.55,32705.909,18.842,183028400.0,12.0,583.13,2316.47,600,-16.87,medium
2018,wheat,Búza,1026.0,1026000.0,5120.0,5.12,5258432.0,9713655.0,120,1165638.6,227663.789,4.511,43820266.667,12.0,583.13,2316.47,550,33.13,low
2019,barley,Árpa összesen,247.0,247000.0,5590.0,5.59,1383260.0,9700272.0,15,145504.08,26029.352,9.507,92217333.333,12.14,592.83,2409.45,500,92.83,low
2019,maize,Kukorica,1028.0,1028000.0,8060.0,8.06,8277813.0,9700272.0,80,776021.76,96280.615,10.667,103472662.5,12.14,592.83,2409.45,650,-57.17,medium
2019,oats,Zab,22.0,22000.0,3230.0,3.23,70307.0,9700272.0,5,48501.36,15015.901,1.45,14061400.0,12.14,592.83,2409.45,500,92.83,medium
2019,potato,Burgonya,11.0,11000.0,23590.0,23.59,289835.0,9700272.0,55,533514.96,22616.149,0.543,5269727.273,12.14,592.83,2409.45,550,42.83,high
2019,rapeseed,Repcemag,301.0,301000.0,3030.0,3.03,912116.0,9700272.0,5,48501.36,16007.05,18.806,182423200.0,12.14,592.83,2409.45,550,42.83,low
2019,rye,Rozs,26.0,26000.0,3490.0,3.49,90536.0,9700272.0,5,48501.36,13897.238,1.867,18107200.0,12.14,592.83,2409.45,500,92.83,low
2019,soybean,Szójabab,58.0,58000.0,2910.0,2.91,169565.0,9700272.0,8,77602.176,26667.414,2.185,21195625.0,12.14,592.83,2409.45,600,-7.17,medium
2019,sugar_beet,Cukorrépa,14.0,14000.0,58490.0,58.49,823496.0,9700272.0,35,339509.52,5804.574,2.426,23528457.143,12.14,592.83,2409.45,650,-57.17,medium
2019,sunflower,Napraforgómag,564.0,564000.0,3030.0,3.03,1706851.0,9700272.0,10,97002.72,32014.099,17.596,170685100.0,12.14,592.83,2409.45,600,-7.17,medium
2019,wheat,Búza,1016.0,1016000.0,5290.0,5.29,5377707.0,9700272.0,120,1164032.64,220043.977,4.62,44814225.0,12.14,592.83,2409.45,550,42.83,low
2020,barley,Árpa összesen,261.0,261000.0,5680.0,5.68,1483954.0,9689376.0,15,145340.64,25588.141,10.21,98930266.667,11.53,601.45,2392.03,500,101.45,low
2020,maize,Kukorica,981.0,981000.0,8580.0,8.58,8414350.0,9689376.0,80,775150.08,90343.832,10.855,105179375.0,11.53,601.45,2392.03,650,-48.55,medium
2020,oats,Zab,26.0,26000.0,2990.0,2.99,76968.0,9689376.0,5,48446.88,16202.97,1.589,15393600.0,11.53,601.45,2392.03,500,101.45,low
2020,potato,Burgonya,10.0,10000.0,23380.0,23.38,270092.0,9689376.0,55,532915.68,22793.656,0.507,4910763.636,11.53,601.45,2392.03,550,51.45,high
2020,rapeseed,Repcemag,310.0,310000.0,2830.0,2.83,876895.0,9689376.0,5,48446.88,17119.039,18.1,175379000.0,11.53,601.45,2392.03,550,51.45,low
2020,rye,Rozs,26.0,26000.0,3200.0,3.2,84346.0,9689376.0,5,48446.88,15139.65,1.741,16869200.0,11.53,601.45,2392.03,500,101.45,low
2020,soybean,Szójabab,59.0,59000.0,2830.0,2.83,165757.0,9689376.0,8,77515.008,27390.462,2.138,20719625.0,11.53,601.45,2392.03,600,1.45,low
2020,sugar_beet,Cukorrépa,13.0,13000.0,60440.0,60.44,780458.0,9689376.0,35,339128.16,5610.989,2.301,22298800.0,11.53,601.45,2392.03,650,-48.55,medium
2020,sunflower,Napraforgómag,613.0,613000.0,2770.0,2.77,1697961.0,9689376.0,10,96893.76,34979.697,17.524,169796100.0,11.53,601.45,2392.03,600,1.45,low
2020,wheat,Búza,937.0,937000.0,5470.0,5.47,5121479.0,9689376.0,120,1162725.12,212564.007,4.405,42678991.667,11.53,601.45,2392.03,550,51.45,low
2021,barley,Árpa összesen,269.0,269000.0,6370.0,6.37,1711626.0,9651461.0,15,144771.915,22727.145,11.823,114108400.0,10.89,491.83,2490.9,500,-8.17,medium
2021,maize,Kukorica,1055.0,1055000.0,6130.0,6.13,6462205.0,9651461.0,80,772116.88,125957.077,8.369,80777562.5,10.89,491.83,2490.9,650,-158.17,high
2021,oats,Zab,25.0,25000.0,3060.0,3.06,76689.0,9651461.0,5,48257.305,15770.361,1.589,15337800.0,10.89,491.83,2490.9,500,-8.17,medium
2021,potato,Burgonya,9.0,9000.0,23990.0,23.99,239840.0,9651461.0,55,530830.355,22127.151,0.452,4360727.273,10.89,491.83,2490.9,550,-58.17,high
2021,rapeseed,Repcemag,258.0,258000.0,2850.0,2.85,734024.0,9651461.0,5,48257.305,16932.388,15.211,146804800.0,10.89,491.83,2490.9,550,-58.17,medium
2021,rye,Rozs,26.0,26000.0,3310.0,3.31,85008.0,9651461.0,5,48257.305,14579.246,1.762,17001600.0,10.89,491.83,2490.9,500,-8.17,medium
2021,soybean,Szójabab,62.0,62000.0,2520.0,2.52,156580.0,9651461.0,8,77211.688,30639.559,2.028,19572500.0,10.89,491.83,2490.9,600,-108.17,high
2021,sugar_beet,Cukorrépa,12.0,12000.0,56420.0,56.42,678007.0,9651461.0,35,337801.135,5987.259,2.007,19371628.571,10.89,491.83,2490.9,650,-158.17,high
2021,sunflower,Napraforgómag,655.0,655000.0,2680.0,2.68,1757713.0,9651461.0,10,96514.61,36012.914,18.212,175771300.0,10.89,491.83,2490.9,600,-108.17,high
2021,wheat,Búza,893.0,893000.0,5930.0,5.93,5290141.0,9651461.0,120,1158175.32,195307.811,4.568,44084508.333,10.89,491.83,2490.9,550,-58.17,medium
2022,barley,Árpa összesen,331.0,331000.0,4810.0,4.81,1590736.0,9610403.0,15,144156.045,29970.072,11.035,106049066.667,11.88,455.73,2552.9,500,-44.27,medium
2022,maize,Kukorica,817.0,817000.0,3410.0,3.41,2781774.0,9610403.0,80,768832.24,225464.0,3.618,34772175.0,11.88,455.73,2552.9,650,-194.27,high
2022,oats,Zab,17.0,17000.0,2270.0,2.27,38387.0,9610403.0,5,48052.015,21168.289,0.799,7677400.0,11.88,455.73,2552.9,500,-44.27,high
2022,potato,Burgonya,8.0,8000.0,20900.0,20.9,199212.0,9610403.0,55,528572.165,25290.534,0.377,3622036.364,11.88,455.73,2552.9,550,-94.27,high
2022,rapeseed,Repcemag,205.0,205000.0,2470.0,2.47,505045.0,9610403.0,5,48052.015,19454.257,10.51,101009000.0,11.88,455.73,2552.9,550,-94.27,medium
2022,rye,Rozs,20.0,20000.0,2940.0,2.94,59156.0,9610403.0,5,48052.015,16344.223,1.231,11831200.0,11.88,455.73,2552.9,500,-44.27,medium
2022,soybean,Szójabab,66.0,66000.0,2030.0,2.03,134465.0,9610403.0,8,76883.224,37873.509,1.749,16808125.0,11.88,455.73,2552.9,600,-144.27,high
2022,sugar_beet,Cukorrépa,10.0,10000.0,48430.0,48.43,470215.0,9610403.0,35,336364.105,6945.367,1.398,13434714.286,11.88,455.73,2552.9,650,-194.27,high
2022,sunflower,Napraforgómag,680.0,680000.0,1890.0,1.89,1286195.0,9610403.0,10,96104.03,50848.693,13.383,128619500.0,11.88,455.73,2552.9,600,-144.27,high
2022,wheat,Búza,979.0,979000.0,4450.0,4.45,4354708.0,9610403.0,120,1153248.36,259156.935,3.776,36289233.333,11.88,455.73,2552.9,550,-94.27,medium
2023,barley,Árpa összesen,413.0,413000.0,5380.0,5.38,2219724.0,9599744.0,15,143996.16,26765.086,15.415,147981600.0,12.23,784.47,2370.42,500,284.47,low
2023,maize,Kukorica,771.0,771000.0,8150.0,8.15,6278912.0,9599744.0,80,767979.52,94230.616,8.176,78486400.0,12.23,784.47,2370.42,650,134.47,low
2023,oats,Zab,22.0,22000.0,2750.0,2.75,60583.0,9599744.0,5,47998.72,17454.08,1.262,12116600.0,12.23,784.47,2370.42,500,284.47,medium
2023,potato,Burgonya,8.0,8000.0,23960.0,23.96,209954.0,9599744.0,55,527985.92,22036.14,0.398,3817345.455,12.23,784.47,2370.42,550,234.47,high
2023,rapeseed,Repcemag,189.0,189000.0,3320.0,3.32,626410.0,9599744.0,5,47998.72,14457.446,13.051,125282000.0,12.23,784.47,2370.42,550,234.47,low
2023,rye,Rozs,29.0,29000.0,3200.0,3.2,94136.0,9599744.0,5,47998.72,14999.6,1.961,18827200.0,12.23,784.47,2370.42,500,284.47,low
2023,soybean,Szójabab,58.0,58000.0,2980.0,2.98,173312.0,9599744.0,8,76797.952,25771.125,2.257,21664000.0,12.23,784.47,2370.42,600,184.47,low
2023,sugar_beet,Cukorrépa,14.0,14000.0,61330.0,61.33,875973.0,9599744.0,35,335991.04,5478.413,2.607,25027800.0,12.23,784.47,2370.42,650,134.47,low
2023,sunflower,Napraforgómag,674.0,674000.0,2920.0,2.92,1970150.0,9599744.0,10,95997.44,32875.836,20.523,197015000.0,12.23,784.47,2370.42,600,184.47,low
2023,wheat,Búza,1053.0,1053000.0,5640.0,5.64,5941993.0,9599744.0,120,1151969.28,204249.872,5.158,49516608.333,12.23,784.47,2370.42,550,234.47,low
2024,barley,Árpa összesen,285.0,285000.0,5450.0,5.45,1554565.0,9584627.0,15,143769.405,26379.707,10.813,103637666.667,12.95,512.24,2561.55,500,12.24,low
2024,maize,Kukorica,883.0,883000.0,6030.0,6.03,5328706.0,9584627.0,80,766770.16,127159.231,6.95,66608825.0,12.95,512.24,2561.55,650,-137.76,high
2024,oats,Zab,26.0,26000.0,3020.0,3.02,77133.0,9584627.0,5,47923.135,15868.588,1.61,15426600.0,12.95,512.24,2561.55,500,12.24,low
2024,potato,Burgonya,8.0,8000.0,25820.0,25.82,234350.0,9584627.0,55,527154.485,20416.518,0.445,4260909.091,12.95,512.24,2561.55,550,-37.76,high
2024,rapeseed,Repcemag,172.0,172000.0,2610.0,2.61,450364.0,9584627.0,5,47923.135,18361.354,9.398,90072800.0,12.95,512.24,2561.55,550,-37.76,medium
2024,rye,Rozs,23.0,23000.0,3130.0,3.13,70820.0,9584627.0,5,47923.135,15310.906,1.478,14164000.0,12.95,512.24,2561.55,500,12.24,medium
2024,soybean,Szójabab,112.0,112000.0,2310.0,2.31,258890.0,9584627.0,8,76677.016,33193.513,3.376,32361250.0,12.95,512.24,2561.55,600,-87.76,medium
2024,sugar_beet,Cukorrépa,16.0,16000.0,53080.0,53.08,856309.0,9584627.0,35,335461.945,6319.931,2.553,24465971.429,12.95,512.24,2561.55,650,-137.76,high
2024,sunflower,Napraforgómag,674.0,674000.0,2670.0,2.67,1798953.0,9584627.0,10,95846.27,35897.479,18.769,179895300.0,12.95,512.24,2561.55,600,-87.76,medium
2024,wheat,Búza,923.0,923000.0,5710.0,5.71,5272961.0,9584627.0,120,1150155.24,201428.238,4.585,43941341.667,12.95,512.24,2561.55,550,-37.76,medium
2025,barley,Árpa összesen,290.738,290738.0,5830.0,5.83,1695050.0,9539502.0,15,143092.53,24544.173,11.846,113003333.333,11.84,418.78,2500.07,500,-81.22,medium
2025,maize,Kukorica,737.0,737000.0,5250.0,5.25,3871396.0,9539502.0,80,763160.16,145363.84,5.073,48392450.0,11.84,418.78,2500.07,650,-231.22,high
2025,oats,Zab,26.233,26233.0,2930.0,2.93,76865.0,9539502.0,5,47697.51,16279.014,1.612,15373000.0,11.84,418.78,2500.07,500,-81.22,medium
2025,potato,Burgonya,8.0,8000.0,24620.0,24.62,221001.0,9539502.0,55,524672.61,21310.829,0.421,4018200.0,11.84,418.78,2500.07,550,-131.22,high
2025,rapeseed,Repcemag,144.0,144000.0,3180.0,3.18,456882.0,9539502.0,5,47697.51,14999.217,9.579,91376400.0,11.84,418.78,2500.07,550,-131.22,high
2025,rye,Rozs,23.253,23253.0,3090.0,3.09,71954.0,9539502.0,5,47697.51,15436.087,1.509,14390800.0,11.84,418.78,2500.07,500,-81.22,medium
2025,soybean,Szójabab,,,,,,9539502.0,8,76316.016,,,,11.84,418.78,2500.07,600,-181.22,unknown
2025,sugar_beet,Cukorrépa,11.0,11000.0,50720.0,50.72,581223.0,9539502.0,35,333882.57,6582.858,1.741,16606371.429,11.84,418.78,2500.07,650,-231.22,high
2025,sunflower,Napraforgómag,709.0,709000.0,2430.0,2.43,1721411.0,9539502.0,10,95395.02,39257.21,18.045,172141100.0,11.84,418.78,2500.07,600,-181.22,high
2025,wheat,Búza,1051.788,1051788.0,5510.0,5.51,5790979.0,9539502.0,120,1144740.24,207756.849,5.059,48258158.333,11.84,418.78,2500.07,550,-131.22,high
